gene_symbol	ensembl_gene_id	pubmed_count_metabolic	pubmed_count_total
A1BG	ENSG00000121410	7	138
A2M	ENSG00000175899	29	854
A2ML1	ENSG00000166535	1	70
AADACL2	ENSG00000197953	0	6
ABCB6	ENSG00000115657	1	216
ABHD15	ENSG00000168792	2	8
ABHD18	ENSG00000164074	0	3
ABI3BP	ENSG00000154175	1	60
ACE	ENSG00000159640	2456	50580
ACE2	ENSG00000130234	638	15625
ACHE	ENSG00000087085	17039	1233554
ACP3	ENSG00000014257	4	2083
ACP7	ENSG00000183760	1	7
ACRBP	ENSG00000111644	1	71
ADA2	ENSG00000093072	3	707
ADAM12	ENSG00000148848	10	695
ADAM23	ENSG00000114948	7	138
ADAM28	ENSG00000042980	4	129
ADAM9	ENSG00000168615	4	545
ADAMDEC1	ENSG00000134028	1	91
ADAMTS1	ENSG00000154734	19	722
ADAMTS10	ENSG00000142303	0	100
ADAMTS13	ENSG00000160323	45	4065
ADAMTS14	ENSG00000138316	3	68
ADAMTS15	ENSG00000166106	3	60
ADAMTS16	ENSG00000145536	2	69
ADAMTS17	ENSG00000140470	3	94
ADAMTS18	ENSG00000140873	1	106
ADAMTS19	ENSG00000145808	2	48
ADAMTS2	ENSG00000087116	7	209
ADAMTS3	ENSG00000156140	4	115
ADAMTS4	ENSG00000158859	25	1216
ADAMTS5	ENSG00000154736	30	1689
ADAMTS6	ENSG00000049192	3	68
ADAMTS8	ENSG00000134917	2	115
ADAMTSL2	ENSG00000197859	5	104
ADAMTSL4	ENSG00000143382	0	93
ADCYAP1	ENSG00000141433	28	1645
ADGRE3	ENSG00000131355	0	17
ADGRE5	ENSG00000123146	2	195
ADGRF1	ENSG00000153292	2	49
ADGRG1	ENSG00000205336	10	268
ADIPOQ	ENSG00000181092	2146	4681
ADISSP	ENSG00000101220	2	3
ADM	ENSG00000148926	390	32668
ADM2	ENSG00000128165	9	309
ADM5	ENSG00000224420	1	6
ADPGK	ENSG00000159322	4	76
AEBP1	ENSG00000106624	14	224
AFM	ENSG00000079557	175	37056
AFP	ENSG00000081051	503	29550
AGER	ENSG00000204305	175	2479
AGGF1	ENSG00000164252	1	104
AGR2	ENSG00000106541	6	564
AGRP	ENSG00000159723	918	2311
AGT	ENSG00000135744	291	4660
AHSG	ENSG00000145192	121	922
AIMP1	ENSG00000164022	0	127
AKR1B10	ENSG00000198074	39	491
ALB	ENSG00000163631	504	11868
ALCAM	ENSG00000170017	6	916
ALKAL1	ENSG00000196711	0	15
ALKAL2	ENSG00000189292	5	28
AMBN	ENSG00000178522	1	330
AMBP	ENSG00000106927	51	1592
AMELX	ENSG00000125363	1	569
AMELY	ENSG00000099721	1	204
AMH	ENSG00000104899	342	8861
AMN	ENSG00000166126	28	2203
AMTN	ENSG00000187689	0	108
AMY1A	ENSG00000237763	17	92
AMY1B	ENSG00000174876	3	16
AMY1C	ENSG00000187733	3	12
AMY2A	ENSG00000243480	15	99
AMY2B	ENSG00000240038	10	57
ANG	ENSG00000214274	1575	52619
ANGPT1	ENSG00000154188	34	1322
ANGPT2	ENSG00000091879	32	1056
ANGPT4	ENSG00000101280	6	105
ANGPTL1	ENSG00000116194	6	118
ANGPTL2	ENSG00000136859	56	341
ANGPTL3	ENSG00000132855	152	960
ANGPTL4	ENSG00000167772	268	1595
ANGPTL5	ENSG00000187151	3	33
ANGPTL6	ENSG00000130812	42	106
ANGPTL7	ENSG00000171819	6	93
ANGPTL8	ENSG00000130173	203	460
ANOS1	ENSG00000011201	7	259
ANTXR2	ENSG00000163297	3	281
ANXA1	ENSG00000135046	32	1376
ANXA2	ENSG00000182718	44	1303
AOAH	ENSG00000136250	3	86
AOC1	ENSG00000002726	3	113
APCS	ENSG00000132703	168	12123
APELA	ENSG00000248329	9	164
APLN	ENSG00000171388	181	1037
APOA1	ENSG00000118137	582	4288
APOA2	ENSG00000158874	77	439
APOA4	ENSG00000110244	166	1423
APOA5	ENSG00000110243	196	995
APOC1	ENSG00000130208	48	531
APOC2	ENSG00000234906	85	1457
APOC3	ENSG00000110245	186	1021
APOC4	ENSG00000267467	10	65
APOD	ENSG00000189058	36	862
APOE	ENSG00000130203	1974	39404
APOF	ENSG00000175336	14	112
APOH	ENSG00000091583	21	303
APOL1	ENSG00000100342	62	1257
APOL4	ENSG00000100336	1	19
APOM	ENSG00000204444	74	488
APOO	ENSG00000184831	9	50
APP	ENSG00000142192	2020	59699
ARSF	ENSG00000062096	0	17
ARSI	ENSG00000183876	13	1195
ARSJ	ENSG00000180801	0	22
ARSK	ENSG00000164291	0	24
ART5	ENSG00000167311	0	26
ARTN	ENSG00000117407	2	234
ASAH1	ENSG00000104763	16	348
ASAH2	ENSG00000188611	4	84
ASGR1	ENSG00000141505	19	192
ASIP	ENSG00000101440	40	717
ASPN	ENSG00000106819	12	875
ATRN	ENSG00000088812	20	132
AVP	ENSG00000101200	147	11776
AZGP1	ENSG00000160862	53	286
B2M	ENSG00000166710	40	2172
B3GAT1	ENSG00000109956	1	85
B4GALT1	ENSG00000086062	4	178
B4GALT4	ENSG00000121578	0	21
BAG6	ENSG00000204463	5	257
BCAN	ENSG00000132692	2	291
BCHE	ENSG00000114200	97	3809
BDNF	ENSG00000176697	1405	38574
BGLAP	ENSG00000242252	42	797
BGN	ENSG00000182492	40	1311
BMP1	ENSG00000168487	6	750
BMP10	ENSG00000163217	3	269
BMP15	ENSG00000130385	10	1091
BMP2	ENSG00000125845	130	13607
BMP3	ENSG00000152785	12	424
BMP4	ENSG00000125378	139	6495
BMP5	ENSG00000112175	3	375
BMP6	ENSG00000153162	31	1488
BMP7	ENSG00000101144	110	3522
BMP8A	ENSG00000183682	4	67
BMP8B	ENSG00000116985	29	121
BPI	ENSG00000101425	64	4614
BPIFA1	ENSG00000198183	2	243
BPIFA2	ENSG00000131050	1	100
BPIFA3	ENSG00000131059	1	4
BPIFB1	ENSG00000125999	0	70
BPIFB2	ENSG00000078898	0	18
BPIFB3	ENSG00000186190	0	11
BPIFB4	ENSG00000186191	3	43
BPIFB6	ENSG00000167104	0	4
BPIFC	ENSG00000184459	0	8
BRINP2	ENSG00000198797	1	10
BRINP3	ENSG00000162670	2	49
BSPH1	ENSG00000188334	0	19
BTBD17	ENSG00000204347	0	2
BTC	ENSG00000174808	51	4426
BTD	ENSG00000169814	15	898
BTN1A1	ENSG00000124557	0	76
C14orf93	ENSG00000100802	0	3
C15orf61	ENSG00000189227	1	2
C16orf89	ENSG00000153446	0	4
C17orf67	ENSG00000214226	0	5
C17orf99	ENSG00000187997	0	8
C1QA	ENSG00000173372	13	481
C1QBP	ENSG00000108561	5	588
C1QC	ENSG00000159189	17	302
C1QL1	ENSG00000131094	3	42
C1QL2	ENSG00000144119	2	27
C1QL3	ENSG00000165985	13	49
C1QL4	ENSG00000186897	2	12
C1QTNF1	ENSG00000173918	23	96
C1QTNF12	ENSG00000184163	29	47
C1QTNF2	ENSG00000145861	3	12
C1QTNF3	ENSG00000082196	47	136
C1QTNF4	ENSG00000172247	9	22
C1QTNF5	ENSG00000223953	19	110
C1QTNF6	ENSG00000133466	8	92
C1QTNF7	ENSG00000163145	0	14
C1QTNF8	ENSG00000184471	2	12
C1QTNF9	ENSG00000240654	3	17
C1QTNF9B	ENSG00000205863	24	61
C1RL	ENSG00000139178	2	47
C1S	ENSG00000182326	15	1978
C1orf54	ENSG00000118292	0	4
C2	ENSG00000166278	630	68642
C22orf39	ENSG00000242259	0	1
C3orf33	ENSG00000174928	0	4
C4BPA	ENSG00000123838	5	227
C4BPB	ENSG00000123843	4	50
C5orf46	ENSG00000178776	0	10
C6	ENSG00000039537	271	35400
C6orf120	ENSG00000185127	1	16
C6orf15	ENSG00000204542	2	18
C7	ENSG00000112936	107	18052
C8A	ENSG00000157131	1	144
C8B	ENSG00000021852	4	91
C8G	ENSG00000176919	3	73
C9	ENSG00000113600	100	7723
C9orf72	ENSG00000147894	20	3222
CA11	ENSG00000063180	2	194
CA6	ENSG00000131686	4	301
CALCA	ENSG00000110680	24	2631
CALCB	ENSG00000175868	3	49
CALR	ENSG00000179218	20	1988
CALU	ENSG00000128595	12	2510
CAMP	ENSG00000164047	2774	111647
CANT1	ENSG00000171302	1	79
CARTPT	ENSG00000164326	31	109
CASP4	ENSG00000196954	16	824
CASP7	ENSG00000165806	16	1126
CBLIF	ENSG00000134812	0	7
CBLN1	ENSG00000102924	1	146
CBLN2	ENSG00000141668	0	69
CBLN3	ENSG00000139899	1	24
CBLN4	ENSG00000054803	1	52
CCBE1	ENSG00000183287	1	117
CCDC126	ENSG00000169193	0	5
CCDC134	ENSG00000100147	0	31
CCDC3	ENSG00000151468	8	31
CCDC80	ENSG00000091986	9	102
CCER2	ENSG00000262484	0	5
CCK	ENSG00000187094	979	40433
CCL1	ENSG00000108702	12	786
CCL11	ENSG00000172156	67	2730
CCL13	ENSG00000181374	17	425
CCL14	ENSG00000276409	3	188
CCL15	ENSG00000275528	7	203
CCL16	ENSG00000275152	2	121
CCL17	ENSG00000102970	28	2135
CCL18	ENSG00000278167	15	952
CCL19	ENSG00000172724	31	1897
CCL2	ENSG00000108691	1583	24006
CCL20	ENSG00000115009	84	3247
CCL21	ENSG00000137077	16	1900
CCL22	ENSG00000102962	24	1814
CCL23	ENSG00000276114	5	283
CCL24	ENSG00000106178	9	621
CCL25	ENSG00000131142	15	611
CCL26	ENSG00000006606	14	632
CCL27	ENSG00000213927	10	456
CCL28	ENSG00000151882	14	444
CCL3	ENSG00000278567	150	5463
CCL3L1	ENSG00000293545	4	163
CCL4	ENSG00000275302	587	16267
CCL4L1	ENSG00000276070	0	28
CCL5	ENSG00000271503	296	9825
CCL7	ENSG00000108688	54	1313
CCL8	ENSG00000108700	25	907
CCN1	ENSG00000142871	24	1075
CCN2	ENSG00000118523	58	3161
CCN3	ENSG00000136999	26	519
CCN4	ENSG00000104415	25	358
CCN5	ENSG00000064205	12	212
CCN6	ENSG00000112761	4	189
CD14	ENSG00000170458	840	32456
CD160	ENSG00000117281	3	398
CD163	ENSG00000177575	308	7374
CD163L1	ENSG00000177675	1	28
CD164	ENSG00000135535	1	140
CD177	ENSG00000204936	5	444
CD200R1	ENSG00000163606	4	311
CD209	ENSG00000090659	12	631
CD274	ENSG00000120217	62	12645
CD300H	ENSG00000284690	0	1
CD40	ENSG00000101017	245	18088
CD40LG	ENSG00000102245	170	8904
CD44	ENSG00000026508	241	25502
CD48	ENSG00000117091	10	1425
CD55	ENSG00000196352	13	2742
CD59	ENSG00000085063	30	2868
CD5L	ENSG00000073754	25	248
CD6	ENSG00000013725	8	840
CD63	ENSG00000135404	77	4832
CD74	ENSG00000019582	39	1836
CD8A	ENSG00000153563	14	833
CD8B	ENSG00000172116	0	139
CD9	ENSG00000010278	58	3453
CD99L2	ENSG00000102181	1	30
CDCP1	ENSG00000163814	8	337
CDNF	ENSG00000185267	1	173
CDSN	ENSG00000137197	1	229
CEACAM1	ENSG00000079385	64	984
CEACAM16	ENSG00000213892	0	24
CEL	ENSG00000170835	220	7315
CELA1	ENSG00000139610	2	55
CELA2A	ENSG00000142615	2	15
CELA2B	ENSG00000215704	0	5
CEMIP	ENSG00000103888	3	244
CER1	ENSG00000147869	5	297
CES4A	ENSG00000172824	1	4
CES5A	ENSG00000159398	0	9
CETP	ENSG00000087237	402	3811
CFB	ENSG00000241253	65	2050
CFC1	ENSG00000136698	0	389
CFC1B	ENSG00000152093	0	1
CFD	ENSG00000197766	118	10210
CFH	ENSG00000000971	58	3722
CFHR1	ENSG00000244414	3	395
CFHR2	ENSG00000080910	0	56
CFHR3	ENSG00000116785	1	229
CFHR4	ENSG00000134365	1	84
CFHR5	ENSG00000134389	2	164
CFI	ENSG00000205403	287	9892
CFP	ENSG00000126759	248	18092
CGA	ENSG00000135346	186	7809
CGB1	ENSG00000267631	4	1255
CGB2	ENSG00000104818	0	10
CGB3	ENSG00000189052	1	22
CGB7	ENSG00000196337	0	13
CGREF1	ENSG00000138028	2	33
CHAD	ENSG00000136457	55	4276
CHADL	ENSG00000100399	1	15
CHGA	ENSG00000100604	30	899
CHGB	ENSG00000089199	3	194
CHI3L2	ENSG00000064886	0	84
CHIA	ENSG00000134216	826	19136
CHID1	ENSG00000177830	0	27
CHIT1	ENSG00000133063	32	987
CHL1	ENSG00000134121	11	564
CHLSN	ENSG00000146540	0	0
CHRD	ENSG00000090539	16	178
CHRDL1	ENSG00000101938	7	142
CHRDL2	ENSG00000054938	1	36
CHST9	ENSG00000154080	1	33
CHSY1	ENSG00000131873	0	92
CILP	ENSG00000138615	4	135
CILP2	ENSG00000160161	12	82
CIROZ	ENSG00000175262	0	3
CKLF	ENSG00000217555	2	252
CLC	ENSG00000105205	109	6776
CLCA1	ENSG00000016490	4	260
CLCA2	ENSG00000137975	0	119
CLCA4	ENSG00000016602	0	60
CLCF1	ENSG00000175505	4	103
CLEC11A	ENSG00000105472	3	85
CLEC18A	ENSG00000157322	0	14
CLEC18B	ENSG00000140839	0	6
CLEC18C	ENSG00000157335	0	5
CLEC19A	ENSG00000261210	0	5
CLEC3A	ENSG00000166509	0	35
CLEC3B	ENSG00000163815	1	109
CLEC4M	ENSG00000104938	6	226
CLIC3	ENSG00000169583	0	66
CLN5	ENSG00000102805	0	248
CLPS	ENSG00000137392	12	826
CLPSL1	ENSG00000204140	0	1
CLPSL2	ENSG00000196748	0	5
CLU	ENSG00000120885	67	2754
CLUL1	ENSG00000079101	0	12
CMA1	ENSG00000092009	3	176
CNDP1	ENSG00000150656	36	128
CNMD	ENSG00000136110	1	129
CNPY4	ENSG00000166997	3	12
CNTN4	ENSG00000144619	6	133
CNTNAP3	ENSG00000106714	2	24
COCH	ENSG00000100473	6	1062
COL10A1	ENSG00000123500	6	847
COL15A1	ENSG00000204291	3	162
COL17A1	ENSG00000065618	2	266
COL19A1	ENSG00000082293	3	41
COL1A1	ENSG00000108821	301	7278
COL1A2	ENSG00000164692	64	2498
COL20A1	ENSG00000101203	3	14
COL21A1	ENSG00000124749	1	34
COL25A1	ENSG00000188517	2	49
COL26A1	ENSG00000160963	0	14
COL28A1	ENSG00000215018	4	28
COL2A1	ENSG00000139219	20	3069
COL3A1	ENSG00000168542	84	2254
COL5A2	ENSG00000204262	9	429
COL6A1	ENSG00000142156	21	627
COL6A2	ENSG00000142173	10	375
COL8A1	ENSG00000144810	5	198
COL8A2	ENSG00000171812	1	146
COL9A1	ENSG00000112280	4	196
COL9A2	ENSG00000049089	3	187
COL9A3	ENSG00000092758	4	159
COLEC10	ENSG00000184374	1	55
COLEC11	ENSG00000118004	1	96
COMP	ENSG00000105664	1291	125995
COPA	ENSG00000122218	10	1820
CORIN	ENSG00000145244	25	1220
CORT	ENSG00000241563	135	5314
CP	ENSG00000047457	4718	185195
CPA1	ENSG00000091704	4	272
CPA2	ENSG00000158516	1	139
CPA4	ENSG00000128510	2	74
CPA5	ENSG00000158525	1	31
CPA6	ENSG00000165078	2	41
CPB1	ENSG00000153002	0	96
CPB2	ENSG00000080618	5	410
CPE	ENSG00000109472	141	10121
CPN1	ENSG00000120054	3	110
CPN2	ENSG00000178772	0	50
CPQ	ENSG00000104324	11	642
CPXM1	ENSG00000088882	3	30
CPXM2	ENSG00000121898	1	34
CPZ	ENSG00000109625	11	2299
CR1L	ENSG00000197721	0	184
CRB1	ENSG00000134376	3	578
CRB2	ENSG00000148204	1	266
CREG1	ENSG00000143162	11	104
CREG2	ENSG00000175874	0	12
CRH	ENSG00000147571	284	8692
CRHBP	ENSG00000145708	5	235
CRIM1	ENSG00000150938	1	123
CRIPTO	ENSG00000241186	4	505
CRISP2	ENSG00000124490	2	121
CRISP3	ENSG00000096006	2	185
CRISPLD1	ENSG00000121005	0	22
CRISPLD2	ENSG00000103196	4	88
CRLF1	ENSG00000006016	1	107
CRLF2	ENSG00000205755	5	495
CRP	ENSG00000132693	7940	84762
CRTAC1	ENSG00000095713	2	101
CRTAP	ENSG00000170275	1	141
CRYAB	ENSG00000109846	13	811
CSF1	ENSG00000184371	33	3403
CSF2	ENSG00000164400	15	809
CSF2RA	ENSG00000198223	2	145
CSF3	ENSG00000108342	17	465
CSF3R	ENSG00000119535	5	543
CSH1	ENSG00000136488	6	127
CSH2	ENSG00000213218	1	177
CSHL1	ENSG00000204414	0	8
CSN1S1	ENSG00000126545	3	237
CSN2	ENSG00000135222	3	413
CSN3	ENSG00000171209	0	300
CSPG5	ENSG00000114646	0	47
CST1	ENSG00000170373	1	236
CST11	ENSG00000125831	0	14
CST2	ENSG00000170369	2	99
CST3	ENSG00000101439	89	2209
CST4	ENSG00000101441	0	87
CST5	ENSG00000170367	4	93
CST6	ENSG00000175315	2	163
CST7	ENSG00000077984	3	119
CST8	ENSG00000125815	0	40
CST9	ENSG00000173335	2	28
CST9L	ENSG00000101435	0	4
CSTL1	ENSG00000125823	0	10
CTF1	ENSG00000150281	1	160
CTHRC1	ENSG00000164932	4	422
CTRB1	ENSG00000168925	17	118
CTRB2	ENSG00000168928	6	91
CTSB	ENSG00000164733	62	1369
CTSD	ENSG00000117984	44	1048
CTSG	ENSG00000100448	11	1108
CTSK	ENSG00000143387	26	1963
CTSL	ENSG00000135047	24	1893
CTSS	ENSG00000163131	72	1888
CX3CL1	ENSG00000006210	106	2778
CXADR	ENSG00000154639	1	108
CXCL1	ENSG00000163739	240	7540
CXCL10	ENSG00000169245	267	11152
CXCL11	ENSG00000169248	29	1973
CXCL12	ENSG00000107562	178	11828
CXCL13	ENSG00000156234	28	2852
CXCL14	ENSG00000145824	38	650
CXCL16	ENSG00000161921	46	1192
CXCL17	ENSG00000189377	3	173
CXCL2	ENSG00000081041	107	4507
CXCL3	ENSG00000163734	11	759
CXCL5	ENSG00000163735	54	1993
CXCL6	ENSG00000124875	22	749
CXCL8	ENSG00000169429	168	8627
CXCL9	ENSG00000138755	73	4525
CYB5D2	ENSG00000167740	0	14
CYTL1	ENSG00000170891	1	72
DAG1	ENSG00000173402	2	570
DAND5	ENSG00000179284	0	66
DAO	ENSG00000110887	341	12336
DBH	ENSG00000123454	53	3713
DCD	ENSG00000161634	141	5527
DCN	ENSG00000011465	50	3706
DDR1	ENSG00000137332	13	830
DEAF1	ENSG00000177030	3	152
DEFA1	ENSG00000240247	5	124
DEFA3	ENSG00000239839	3	76
DEFA4	ENSG00000164821	3	79
DEFA5	ENSG00000164816	9	198
DEFA6	ENSG00000164822	0	78
DEFB1	ENSG00000164825	9	659
DEFB103A	ENSG00000176797	3	456
DEFB104A	ENSG00000176782	0	3
DEFB105A	ENSG00000186562	0	10
DEFB106A	ENSG00000186579	0	8
DEFB107A	ENSG00000186572	0	0
DEFB108B	ENSG00000184276	0	2
DEFB109B	ENSG00000206034	0	0
DEFB109C	ENSG00000205989	0	0
DEFB110	ENSG00000203970	0	3
DEFB113	ENSG00000214642	0	1
DEFB114	ENSG00000177684	0	7
DEFB115	ENSG00000215547	0	0
DEFB116	ENSG00000215545	1	5
DEFB118	ENSG00000131068	0	9
DEFB119	ENSG00000180483	0	8
DEFB121	ENSG00000204548	0	3
DEFB123	ENSG00000180424	0	7
DEFB124	ENSG00000180383	0	9
DEFB125	ENSG00000178591	0	6
DEFB126	ENSG00000125788	1	108
DEFB127	ENSG00000088782	0	7
DEFB128	ENSG00000185982	0	7
DEFB129	ENSG00000125903	0	6
DEFB130A	ENSG00000232948	0	1
DEFB130B	ENSG00000233050	0	0
DEFB131A	ENSG00000186146	0	0
DEFB131B	ENSG00000225805	0	0
DEFB132	ENSG00000186458	0	4
DEFB134	ENSG00000205882	0	2
DEFB135	ENSG00000205883	0	5
DEFB136	ENSG00000205884	0	2
DEFB4A	ENSG00000171711	6	981
DHH	ENSG00000139549	7	1405
DHRS11	ENSG00000278535	0	17
DHRS13	ENSG00000167536	0	8
DHRS4L2	ENSG00000187630	0	10
DHRSX	ENSG00000169084	0	19
DIPK2A	ENSG00000181744	0	13
DIPK2B	ENSG00000147113	0	4
DKK1	ENSG00000107984	74	3803
DKK2	ENSG00000155011	7	337
DKK3	ENSG00000050165	13	791
DKK4	ENSG00000104371	0	146
DKKL1	ENSG00000104901	0	35
DMKN	ENSG00000161249	1	38
DMP1	ENSG00000152592	6	1707
DNASE1	ENSG00000213918	5	609
DNASE1L2	ENSG00000167968	0	30
DNASE1L3	ENSG00000163687	5	246
DPP4	ENSG00000197635	4068	7700
DPP7	ENSG00000176978	8	84
DPT	ENSG00000143196	100	6741
DRAXIN	ENSG00000162490	0	55
DSPP	ENSG00000152591	8	1495
EBI3	ENSG00000105246	2	517
ECM1	ENSG00000143369	11	488
ECM2	ENSG00000106823	1	69
ECRG4	ENSG00000119147	0	111
EDA	ENSG00000158813	427	12897
EDDM13	ENSG00000267710	0	0
EDDM3A	ENSG00000181562	0	4
EDDM3B	ENSG00000181552	0	9
EDIL3	ENSG00000164176	7	242
EDN1	ENSG00000078401	32	743
EDN2	ENSG00000127129	5	119
EDN3	ENSG00000124205	2	289
EFEMP1	ENSG00000115380	21	459
EFEMP2	ENSG00000172638	3	178
EFNA1	ENSG00000169242	6	536
EFNA4	ENSG00000243364	3	70
EGFL6	ENSG00000198759	7	123
EGFL7	ENSG00000172889	2	279
EGFL8	ENSG00000241404	0	23
EGFLAM	ENSG00000164318	1	36
EGFR	ENSG00000146648	5582	150500
ELN	ENSG00000049540	23	1833
ELSPBP1	ENSG00000169393	0	21
EMC10	ENSG00000161671	5	32
EMCN	ENSG00000164035	0	215
EMID1	ENSG00000186998	0	11
EMILIN1	ENSG00000138080	1	228
EMILIN2	ENSG00000132205	0	79
EMILIN3	ENSG00000183798	1	39
ENAM	ENSG00000132464	10	799
ENDOD1	ENSG00000149218	0	21
ENDOU	ENSG00000111405	0	880
ENHO	ENSG00000168913	88	263
ENOX1	ENSG00000120658	3	44
ENOX2	ENSG00000165675	0	51
ENPP1	ENSG00000197594	186	1057
ENPP2	ENSG00000136960	16	275
ENPP3	ENSG00000154269	4	260
ENPP5	ENSG00000112796	1	31
ENTPD5	ENSG00000187097	4	70
ENTPD6	ENSG00000197586	4	18
EPCIP	ENSG00000205929	0	1
EPDR1	ENSG00000086289	7	69
EPGN	ENSG00000182585	1	66
EPHA10	ENSG00000183317	2	61
EPHA3	ENSG00000044524	7	401
EPO	ENSG00000130427	171	14331
EPOR	ENSG00000187266	25	1894
EPPIN	ENSG00000101448	1	82
EPYC	ENSG00000083782	3	67
ERBB3	ENSG00000065361	20	3037
EREG	ENSG00000124882	5	656
ERFE	ENSG00000178752	12	257
ERO1A	ENSG00000197930	5	194
ERVH48-1	ENSG00000233056	1	22
ERVMER34-1	ENSG00000226887	0	7
ESM1	ENSG00000164283	38	724
EXT2	ENSG00000151348	28	502
EXTL2	ENSG00000162694	1	52
F10	ENSG00000126218	35	5096
F11	ENSG00000088926	33	1796
F12	ENSG00000131187	41	4002
F13A1	ENSG00000124491	14	281
F13B	ENSG00000143278	0	176
F2	ENSG00000180210	1719	42521
F3	ENSG00000117525	1078	16269
F7	ENSG00000057593	41	2593
F9	ENSG00000101981	22	3411
FABP5	ENSG00000164687	121	1181
FAM180A	ENSG00000189320	0	4
FAM180B	ENSG00000196666	0	6
FAM20A	ENSG00000108950	1	102
FAM20C	ENSG00000177706	5	218
FAM237A	ENSG00000235118	0	3
FAM237B	ENSG00000283267	2	6
FAM24A	ENSG00000203795	0	1
FAM24B	ENSG00000213185	0	3
FAM3A	ENSG00000071889	12	62
FAM3B	ENSG00000183844	12	82
FAM3C	ENSG00000196937	13	120
FAM3D	ENSG00000198643	8	44
FAP	ENSG00000078098	107	8671
FAS	ENSG00000026103	3006	48403
FASLG	ENSG00000117560	30	4653
FBLN1	ENSG00000077942	7	197
FBLN2	ENSG00000163520	3	284
FBLN5	ENSG00000140092	4	377
FBLN7	ENSG00000144152	1	48
FBXO45	ENSG00000174013	0	76
FCAR	ENSG00000186431	0	74
FCER2	ENSG00000104921	3	99
FCGR3A	ENSG00000203747	3	931
FCGR3B	ENSG00000162747	15	1070
FCMR	ENSG00000162894	3	92
FCN1	ENSG00000085265	3	112
FCN2	ENSG00000160339	6	143
FCN3	ENSG00000142748	10	228
FCRLA	ENSG00000132185	0	65
FCRLB	ENSG00000162746	0	14
FDCSP	ENSG00000181617	2	62
FETUB	ENSG00000090512	13	89
FGA	ENSG00000171560	38	2208
FGB	ENSG00000171564	32	841
FGF1	ENSG00000113578	121	3518
FGF10	ENSG00000070193	25	1434
FGF13	ENSG00000129682	6	271
FGF16	ENSG00000196468	4	116
FGF17	ENSG00000158815	1	135
FGF18	ENSG00000156427	9	521
FGF19	ENSG00000162344	350	1387
FGF2	ENSG00000138685	182	21253
FGF20	ENSG00000078579	3	235
FGF21	ENSG00000105550	2119	4560
FGF22	ENSG00000070388	6	106
FGF23	ENSG00000118972	220	5554
FGF3	ENSG00000186895	2	767
FGF4	ENSG00000075388	19	1336
FGF5	ENSG00000138675	18	547
FGF6	ENSG00000111241	8	181
FGF7	ENSG00000140285	17	1605
FGF8	ENSG00000107831	5	1967
FGF9	ENSG00000102678	18	867
FGFBP1	ENSG00000137440	1	170
FGFBP2	ENSG00000137441	0	52
FGFBP3	ENSG00000174721	1	14
FGFR2	ENSG00000066468	39	5070
FGFR3	ENSG00000068078	31	4130
FGFR4	ENSG00000160867	88	1494
FGG	ENSG00000171557	34	2044
FGL1	ENSG00000104760	22	217
FGL2	ENSG00000127951	13	358
FIBIN	ENSG00000176971	2	21
FJX1	ENSG00000179431	2	49
FKRP	ENSG00000181027	1	335
FLRT1	ENSG00000126500	0	16
FLRT2	ENSG00000185070	4	88
FLRT3	ENSG00000125848	2	100
FLT1	ENSG00000102755	61	4215
FLT3LG	ENSG00000090554	2	77
FLT4	ENSG00000037280	9	806
FMOD	ENSG00000122176	2	421
FNDC4	ENSG00000115226	9	47
FNDC5	ENSG00000160097	598	1831
FNDC7	ENSG00000143107	0	3
FOLR1	ENSG00000110195	6	522
FOLR2	ENSG00000165457	8	169
FOLR3	ENSG00000110203	2	49
FRZB	ENSG00000162998	7	296
FSHB	ENSG00000131808	14	555
FST	ENSG00000134363	171	13889
FSTL1	ENSG00000163430	42	538
FSTL3	ENSG00000070404	23	213
FSTL4	ENSG00000053108	0	21
FSTL5	ENSG00000168843	0	39
FUCA2	ENSG00000001036	0	35
FURIN	ENSG00000140564	97	4305
FUT6	ENSG00000156413	5	142
GABBR1	ENSG00000204681	8	179
GAL	ENSG00000069482	499	34276
GALNT1	ENSG00000141429	1	51
GALNT2	ENSG00000143641	20	146
GALP	ENSG00000197487	58	2162
GARS1	ENSG00000106105	0	40
GAS6	ENSG00000183087	46	1366
GASK1A	ENSG00000144649	0	3
GAST	ENSG00000184502	34	2189
GATD1	ENSG00000177225	0	2
GBP1	ENSG00000117228	2	564
GC	ENSG00000145321	2815	218446
GCG	ENSG00000115263	230	2428
GDF1	ENSG00000130283	2	209
GDF10	ENSG00000266524	5	133
GDF11	ENSG00000135414	34	647
GDF15	ENSG00000130513	498	3915
GDF2	ENSG00000263761	17	395
GDF3	ENSG00000184344	16	294
GDF5	ENSG00000125965	24	921
GDF6	ENSG00000156466	0	191
GDF7	ENSG00000143869	0	120
GDF9	ENSG00000164404	11	1405
GDNF	ENSG00000168621	109	7127
GFER	ENSG00000127554	14	205
GFOD1	ENSG00000145990	0	15
GFOD2	ENSG00000141098	1	7
GFRA4	ENSG00000125861	0	30
GGH	ENSG00000137563	12	609
GH1	ENSG00000259384	19	1187
GH2	ENSG00000136487	15	495
GHR	ENSG00000112964	163	3385
GHRH	ENSG00000118702	283	3868
GHRL	ENSG00000157017	158	476
GIP	ENSG00000159224	2653	7591
GKN1	ENSG00000169605	1	103
GKN2	ENSG00000183607	0	64
GLDN	ENSG00000186417	1	62
GLIPR1L1	ENSG00000173401	0	9
GLT1D1	ENSG00000151948	0	13
GNLY	ENSG00000115523	4	524
GNPTG	ENSG00000090581	0	82
GNRH1	ENSG00000147437	12	713
GNRH2	ENSG00000125787	0	302
GP2	ENSG00000169347	20	1282
GPC1	ENSG00000063660	2	327
GPC2	ENSG00000213420	0	101
GPC4	ENSG00000076716	19	188
GPC5	ENSG00000179399	3	145
GPC6	ENSG00000183098	5	125
GPHA2	ENSG00000149735	2	13
GPHB5	ENSG00000179600	2	13
GPI	ENSG00000105220	438	22934
GPLD1	ENSG00000112293	17	79
GPR15LG	ENSG00000188373	0	11
GPX3	ENSG00000211445	66	1154
GPX5	ENSG00000224586	5	145
GPX6	ENSG00000198704	5	82
GPX7	ENSG00000116157	10	167
GREM1	ENSG00000276886	29	776
GREM2	ENSG00000180875	11	144
GRN	ENSG00000030582	88	4076
GRP	ENSG00000134443	189	6500
GSDMD	ENSG00000104518	162	4643
GSN	ENSG00000148180	19	988
GUCA2A	ENSG00000197273	6	50
GUCA2B	ENSG00000044012	7	43
GZMA	ENSG00000145649	6	745
GZMB	ENSG00000100453	21	3229
GZMK	ENSG00000113088	1	371
GZMM	ENSG00000197540	1	73
HABP2	ENSG00000148702	4	228
HAMP	ENSG00000105697	100	2396
HAPLN1	ENSG00000145681	1	151
HAPLN2	ENSG00000132702	0	23
HAPLN3	ENSG00000140511	1	39
HAPLN4	ENSG00000187664	4	35
HBEGF	ENSG00000113070	39	2281
HDGF	ENSG00000143321	2	371
HEG1	ENSG00000173706	1	96
HGFAC	ENSG00000109758	4	54
HHIP	ENSG00000164161	12	392
HHIPL1	ENSG00000182218	1	8
HHIPL2	ENSG00000143512	0	12
HHLA1	ENSG00000132297	0	7
HILPDA	ENSG00000135245	14	115
HLA-E	ENSG00000204592	2	1466
HLA-G	ENSG00000204632	23	3093
HMGB1	ENSG00000189403	310	12929
HMGB2	ENSG00000164104	6	720
HNRNPA2B1	ENSG00000122566	15	1028
HP	ENSG00000257017	3756	122600
HPR	ENSG00000261701	39	3251
HPSE	ENSG00000173083	7	431
HPSE2	ENSG00000172987	1	74
HPX	ENSG00000110169	17	644
HRG	ENSG00000113905	24	1406
HSD11B1L	ENSG00000167733	0	7
HSP90AB1	ENSG00000096384	15	596
HSPA1A	ENSG00000204389	24	853
HSPB6	ENSG00000004776	1	233
HTN1	ENSG00000126550	1	100
HTN3	ENSG00000205649	5	382
HTRA1	ENSG00000166033	14	1082
HTRA3	ENSG00000170801	1	126
HTRA4	ENSG00000169495	0	58
HYAL1	ENSG00000114378	3	365
IAPP	ENSG00000121351	1529	4091
IBSP	ENSG00000029559	3	1031
ICAM4	ENSG00000105371	0	96
ICOS	ENSG00000163600	33	3167
IDE	ENSG00000119912	471	14268
IFI30	ENSG00000216490	6	170
IFI35	ENSG00000068079	2	103
IFNA1	ENSG00000197919	2	174
IFNA10	ENSG00000186803	0	20
IFNA13	ENSG00000233816	0	14
IFNA14	ENSG00000228083	0	15
IFNA16	ENSG00000147885	0	10
IFNA17	ENSG00000234829	0	29
IFNA2	ENSG00000188379	5	163
IFNA21	ENSG00000137080	1	15
IFNA4	ENSG00000236637	1	40
IFNA5	ENSG00000147873	0	23
IFNA6	ENSG00000120235	0	24
IFNA7	ENSG00000214042	0	12
IFNA8	ENSG00000120242	0	32
IFNAR2	ENSG00000159110	11	636
IFNB1	ENSG00000171855	1	411
IFNE	ENSG00000184995	1	65
IFNG	ENSG00000111537	95	5214
IFNK	ENSG00000147896	0	45
IFNL1	ENSG00000182393	0	80
IFNL2	ENSG00000183709	0	39
IFNL3	ENSG00000197110	53	1743
IFNL4	ENSG00000292250	12	300
IFNW1	ENSG00000177047	0	142
IGF1	ENSG00000017427	2036	27483
IGF2	ENSG00000167244	301	5708
IGFALS	ENSG00000099769	9	153
IGFBP1	ENSG00000146678	363	3892
IGFBP2	ENSG00000115457	194	3025
IGFBP3	ENSG00000146674	554	8615
IGFBP4	ENSG00000141753	36	1361
IGFBP5	ENSG00000115461	35	1581
IGFBP6	ENSG00000167779	19	646
IGFBP7	ENSG00000163453	49	1091
IGFBPL1	ENSG00000137142	2	29
IGFL1	ENSG00000188293	1	27
IGFL2	ENSG00000204866	1	42
IGFL3	ENSG00000188624	0	4
IGFL4	ENSG00000204869	0	2
IGHA1	ENSG00000211895	3	83
IGHA2	ENSG00000211890	1	33
IGHE	ENSG00000211891	1	75
IGHG1	ENSG00000211896	3	217
IGHG2	ENSG00000211893	0	58
IGHG4	ENSG00000211892	0	53
IGHM	ENSG00000211899	5	251
IGHV1-18	ENSG00000211945	0	14
IGHV1-2	ENSG00000211934	1	45
IGHV1-24	ENSG00000211950	0	11
IGHV1-3	ENSG00000211935	0	6
IGHV1-45	ENSG00000211961	0	0
IGHV1-46	ENSG00000211962	0	6
IGHV1-58	ENSG00000211968	0	5
IGHV1-69	ENSG00000211973	0	107
IGHV1-69-2	ENSG00000275148	0	1
IGHV1-69D	ENSG00000280411	0	4
IGHV2-26	ENSG00000211951	0	1
IGHV2-5	ENSG00000211937	0	9
IGHV2-70	ENSG00000274576	0	4
IGHV2-70D	ENSG00000211974	0	0
IGHV3-11	ENSG00000211941	0	19
IGHV3-13	ENSG00000211942	0	7
IGHV3-15	ENSG00000211943	0	12
IGHV3-16	ENSG00000211944	0	0
IGHV3-20	ENSG00000211946	0	1
IGHV3-21	ENSG00000211947	0	64
IGHV3-23	ENSG00000211949	0	63
IGHV3-30	ENSG00000270550	0	45
IGHV3-33	ENSG00000211955	0	18
IGHV3-35	ENSG00000211957	0	0
IGHV3-38	ENSG00000211958	0	1
IGHV3-43	ENSG00000232216	0	3
IGHV3-48	ENSG00000211964	0	10
IGHV3-49	ENSG00000211965	0	4
IGHV3-53	ENSG00000211967	0	44
IGHV3-64	ENSG00000223648	0	4
IGHV3-64D	ENSG00000282639	0	2
IGHV3-66	ENSG00000211972	0	12
IGHV3-7	ENSG00000211938	0	25
IGHV3-72	ENSG00000225698	0	5
IGHV3-73	ENSG00000211976	0	5
IGHV3-74	ENSG00000224650	0	16
IGHV4-28	ENSG00000211952	1	5
IGHV4-34	ENSG00000211956	0	116
IGHV4-39	ENSG00000211959	0	39
IGHV4-4	ENSG00000276775	0	8
IGHV4-59	ENSG00000224373	0	28
IGHV4-61	ENSG00000211970	0	3
IGHV5-10-1	ENSG00000282651	0	2
IGHV5-51	ENSG00000211966	0	21
IGHV6-1	ENSG00000211933	0	11
IGHV7-4-1	ENSG00000282122	0	3
IGHV7-81	ENSG00000211979	0	4
IGIP	ENSG00000182700	4	47
IGKV1-12	ENSG00000243290	0	2
IGKV1-16	ENSG00000240864	0	4
IGKV1-17	ENSG00000240382	0	2
IGKV1-27	ENSG00000244575	0	3
IGKV1-33	ENSG00000242076	0	9
IGKV1-37	ENSG00000239862	0	0
IGKV1-39	ENSG00000242371	0	9
IGKV1-5	ENSG00000243466	0	11
IGKV1-6	ENSG00000239855	0	1
IGKV1-8	ENSG00000240671	0	2
IGKV1-9	ENSG00000241755	0	5
IGKV1D-12	ENSG00000278857	0	1
IGKV1D-13	ENSG00000276566	1	6
IGKV1D-16	ENSG00000241244	0	1
IGKV1D-17	ENSG00000242766	0	0
IGKV1D-33	ENSG00000239975	0	2
IGKV1D-37	ENSG00000250036	0	0
IGKV1D-39	ENSG00000251546	0	3
IGKV1D-42	ENSG00000211633	0	1
IGKV1D-43	ENSG00000242580	0	2
IGKV1D-8	ENSG00000239819	0	2
IGKV2-24	ENSG00000241294	0	2
IGKV2-28	ENSG00000244116	0	4
IGKV2-30	ENSG00000243238	0	13
IGKV2-40	ENSG00000273962	0	0
IGKV2D-24	ENSG00000241566	0	0
IGKV2D-26	ENSG00000211623	0	0
IGKV2D-28	ENSG00000242534	0	6
IGKV2D-29	ENSG00000243264	0	3
IGKV2D-30	ENSG00000239571	0	3
IGKV2D-40	ENSG00000251039	0	2
IGKV3-11	ENSG00000241351	0	12
IGKV3-15	ENSG00000244437	0	8
IGKV3-20	ENSG00000239951	0	39
IGKV3-7	ENSG00000243063	0	5
IGKV3D-11	ENSG00000211632	0	2
IGKV3D-15	ENSG00000224041	0	2
IGKV3D-20	ENSG00000211625	0	4
IGKV3D-7	ENSG00000228325	0	0
IGKV4-1	ENSG00000211598	1	32
IGKV5-2	ENSG00000211599	0	1
IGKV6-21	ENSG00000211611	0	2
IGKV6D-21	ENSG00000225523	0	1
IGKV6D-41	ENSG00000211626	0	0
IGLC2	ENSG00000211677	1	27
IGLC3	ENSG00000211679	0	20
IGLJ1	ENSG00000211674	0	3
IGLL1	ENSG00000128322	1	73
IGLL5	ENSG00000254709	1	89
IGLON5	ENSG00000142549	1	337
IGLV1-36	ENSG00000211655	0	5
IGLV1-40	ENSG00000211653	0	13
IGLV1-44	ENSG00000211651	0	14
IGLV1-47	ENSG00000211648	0	4
IGLV1-50	ENSG00000211645	0	1
IGLV1-51	ENSG00000211644	0	6
IGLV10-54	ENSG00000211642	0	2
IGLV11-55	ENSG00000211641	0	0
IGLV2-11	ENSG00000211668	0	6
IGLV2-14	ENSG00000211666	0	3
IGLV2-18	ENSG00000211664	0	1
IGLV2-23	ENSG00000211660	0	1
IGLV2-33	ENSG00000211656	0	0
IGLV2-8	ENSG00000278196	0	3
IGLV3-1	ENSG00000211673	0	7
IGLV3-10	ENSG00000211669	0	4
IGLV3-12	ENSG00000211667	0	0
IGLV3-16	ENSG00000211665	0	2
IGLV3-19	ENSG00000211663	0	11
IGLV3-21	ENSG00000211662	0	36
IGLV3-22	ENSG00000211661	0	2
IGLV3-25	ENSG00000211659	0	4
IGLV3-27	ENSG00000211658	0	0
IGLV3-32	ENSG00000211657	0	2
IGLV3-9	ENSG00000211670	0	3
IGLV4-3	ENSG00000211672	0	0
IGLV4-60	ENSG00000211639	0	1
IGLV4-69	ENSG00000211637	1	4
IGLV5-37	ENSG00000211654	0	0
IGLV5-45	ENSG00000211650	0	5
IGLV5-48	ENSG00000211647	0	2
IGLV5-52	ENSG00000211643	0	1
IGLV6-57	ENSG00000211640	0	16
IGLV7-43	ENSG00000211652	0	3
IGLV7-46	ENSG00000211649	0	2
IGLV8-61	ENSG00000211638	0	2
IGLV9-49	ENSG00000223350	0	2
IGSF1	ENSG00000147255	11	123
IHH	ENSG00000163501	46	2012
IL10	ENSG00000136634	2588	96458
IL11	ENSG00000095752	44	3189
IL11RA	ENSG00000137070	7	223
IL12A	ENSG00000168811	19	769
IL12B	ENSG00000113302	34	1272
IL13	ENSG00000169194	391	20264
IL15	ENSG00000164136	231	8976
IL15RA	ENSG00000134470	18	429
IL16	ENSG00000172349	43	1584
IL17A	ENSG00000112115	391	14693
IL17B	ENSG00000127743	2	185
IL17C	ENSG00000124391	9	338
IL17D	ENSG00000172458	6	192
IL17F	ENSG00000112116	37	2020
IL17RA	ENSG00000177663	22	1087
IL17RB	ENSG00000056736	7	370
IL17RE	ENSG00000163701	5	459
IL17REL	ENSG00000188263	0	23
IL18	ENSG00000150782	1048	20775
IL18BP	ENSG00000137496	16	459
IL19	ENSG00000142224	11	503
IL1A	ENSG00000115008	57	2017
IL1B	ENSG00000125538	676	12438
IL1F10	ENSG00000136697	4	86
IL1R1	ENSG00000115594	62	1471
IL1R2	ENSG00000115590	12	575
IL1RAP	ENSG00000196083	8	342
IL1RL1	ENSG00000115602	58	1914
IL1RN	ENSG00000136689	124	3783
IL2	ENSG00000109471	488	61254
IL20	ENSG00000162891	20	608
IL21	ENSG00000138684	49	4785
IL22	ENSG00000127318	213	6004
IL22RA2	ENSG00000164485	2	107
IL23A	ENSG00000110944	14	826
IL24	ENSG00000162892	8	838
IL25	ENSG00000166090	29	1365
IL26	ENSG00000111536	5	369
IL27	ENSG00000197272	54	2503
IL3	ENSG00000164399	44	8699
IL31	ENSG00000204671	9	1020
IL32	ENSG00000008517	31	784
IL33	ENSG00000137033	241	7054
IL34	ENSG00000157368	29	626
IL36A	ENSG00000136694	3	107
IL36B	ENSG00000136696	1	50
IL36G	ENSG00000136688	5	219
IL36RN	ENSG00000136695	3	319
IL37	ENSG00000125571	35	914
IL4	ENSG00000113520	835	57795
IL4I1	ENSG00000104951	6	214
IL4R	ENSG00000077238	17	1422
IL5	ENSG00000113525	210	18163
IL6	ENSG00000136244	11152	198623
IL6R	ENSG00000160712	135	3284
IL6ST	ENSG00000134352	26	1373
IL7	ENSG00000104432	93	6584
IL7R	ENSG00000168685	22	1590
IL9	ENSG00000145839	59	2967
IL9R	ENSG00000124334	3	211
IMPG1	ENSG00000112706	0	47
IMPG2	ENSG00000081148	0	62
INHA	ENSG00000123999	452	13462
INHBA	ENSG00000122641	18	891
INHBB	ENSG00000163083	13	310
INHBC	ENSG00000175189	6	63
INHBE	ENSG00000139269	20	79
INS	ENSG00000254647	2156	75500
INSL3	ENSG00000248099	18	742
INSL4	ENSG00000120211	0	62
INSL5	ENSG00000172410	15	126
INSL6	ENSG00000120210	0	53
ISG15	ENSG00000187608	19	2519
ISLR	ENSG00000129009	3	95
ISM1	ENSG00000101230	19	92
ISM2	ENSG00000100593	3	795
ITFG1	ENSG00000129636	0	14
ITGBL1	ENSG00000198542	3	74
ITIH1	ENSG00000055957	3	80
ITIH2	ENSG00000151655	3	78
ITIH3	ENSG00000162267	6	119
ITIH4	ENSG00000055955	12	311
ITIH6	ENSG00000102313	0	2
ITLN1	ENSG00000179914	244	571
ITLN2	ENSG00000158764	2	23
ITM2B	ENSG00000136156	2	216
IZUMO4	ENSG00000099840	0	11
JAM3	ENSG00000166086	3	262
JCHAIN	ENSG00000132465	3	282
KARS1	ENSG00000065427	0	29
KAZALD1	ENSG00000107821	0	27
KDR	ENSG00000128052	115	7255
KERA	ENSG00000139330	6	515
KIAA0319	ENSG00000137261	1	155
KIR3DX1	ENSG00000276848	0	5
KIRREL3	ENSG00000149571	2	80
KISS1	ENSG00000170498	155	2381
KITLG	ENSG00000049130	3	407
KL	ENSG00000133116	633	23848
KLK10	ENSG00000129451	1	203
KLK11	ENSG00000167757	1	541
KLK12	ENSG00000186474	1	60
KLK13	ENSG00000167759	0	104
KLK14	ENSG00000129437	2	118
KLK15	ENSG00000174562	1	59
KLK3	ENSG00000142515	26	1779
KLK4	ENSG00000167749	2	332
KLK5	ENSG00000167754	3	331
KLK6	ENSG00000167755	3	360
KLK7	ENSG00000169035	15	360
KLK8	ENSG00000129455	3	211
KLK9	ENSG00000213022	0	40
KLKB1	ENSG00000164344	5	145
KNG1	ENSG00000113889	18	316
KRT10	ENSG00000186395	2	494
KRTDAP	ENSG00000188508	0	17
LACRT	ENSG00000135413	1	36
LAD1	ENSG00000159166	1	337
LAG3	ENSG00000089692	20	3522
LAIR2	ENSG00000167618	3	66
LALBA	ENSG00000167531	2	140
LAMB3	ENSG00000196878	3	384
LAMC2	ENSG00000058085	5	573
LAS2	ENSG00000166845	0	4
LBP	ENSG00000129988	494	14495
LCAT	ENSG00000213398	159	2426
LCN1	ENSG00000160349	1	171
LCN10	ENSG00000187922	1	10
LCN12	ENSG00000184925	0	6
LCN15	ENSG00000177984	1	10
LCN2	ENSG00000148346	324	4590
LCN6	ENSG00000267206	0	19
LCN8	ENSG00000204001	0	20
LCN9	ENSG00000148386	0	13
LEAP2	ENSG00000164406	80	290
LECT2	ENSG00000145826	42	293
LEFTY1	ENSG00000243709	1	231
LEFTY2	ENSG00000143768	1	175
LEG1	ENSG00000184530	1	69
LEP	ENSG00000174697	1175	5138
LEPR	ENSG00000116678	1706	12132
LGALS1	ENSG00000100097	44	2637
LGALS13	ENSG00000105198	3	131
LGALS3	ENSG00000131981	350	7007
LGALS3BP	ENSG00000108679	19	391
LGALS7	ENSG00000178934	0	172
LGALS9	ENSG00000168961	10	798
LGI1	ENSG00000108231	2	1346
LGI2	ENSG00000153012	0	41
LGI3	ENSG00000168481	2	49
LGI4	ENSG00000153902	0	41
LHB	ENSG00000104826	30	1865
LIF	ENSG00000128342	139	13895
LIFR	ENSG00000113594	23	1091
LILRA2	ENSG00000239998	2	57
LILRA3	ENSG00000278046	0	69
LILRA5	ENSG00000187116	5	37
LILRB1	ENSG00000277134	1	465
LIPC	ENSG00000166035	100	858
LIPF	ENSG00000182333	5	621
LIPG	ENSG00000101670	36	395
LIPH	ENSG00000163898	2	160
LIPI	ENSG00000188992	16	943
LIPK	ENSG00000204021	1	19
LIPM	ENSG00000173239	2	427
LIPN	ENSG00000204020	1	72
LLCFC1	ENSG00000165131	0	2
LNPEP	ENSG00000113441	2	70
LOX	ENSG00000113083	355	11347
LOXL1	ENSG00000129038	11	627
LOXL2	ENSG00000134013	20	713
LOXL3	ENSG00000115318	4	153
LOXL4	ENSG00000138131	3	160
LPL	ENSG00000175445	1316	8900
LPO	ENSG00000167419	157	8252
LRG1	ENSG00000171236	30	571
LRP8	ENSG00000157193	5	214
LRRC17	ENSG00000128606	3	29
LTA	ENSG00000230279	85	5102
LTBP3	ENSG00000168056	5	136
LTF	ENSG00000012223	36	1774
LUM	ENSG00000139329	202	7494
LUZP2	ENSG00000187398	0	27
LY6G5B	ENSG00000240053	0	8
LY6G5C	ENSG00000111971	0	10
LY6K	ENSG00000160886	1	71
LY86	ENSG00000112799	21	143
LY96	ENSG00000154589	18	682
LYG1	ENSG00000144214	1	20
LYG2	ENSG00000185674	0	12
LYPD6	ENSG00000187123	0	34
LYPD8	ENSG00000259823	0	16
LYZ	ENSG00000090382	17	1004
LYZL1	ENSG00000120563	1	12
LYZL2	ENSG00000151033	0	5
LYZL4	ENSG00000157093	0	15
LYZL6	ENSG00000277042	0	14
MAMDC2	ENSG00000165072	0	30
MAN2B1	ENSG00000104774	0	64
MAN2B2	ENSG00000013288	0	20
MANF	ENSG00000145050	27	527
MAPT	ENSG00000186868	125	6074
MASP1	ENSG00000127241	8	544
MASP2	ENSG00000009724	6	691
MATN1	ENSG00000162510	0	192
MATN2	ENSG00000132561	2	89
MATN3	ENSG00000132031	1	170
MATN4	ENSG00000124159	2	43
MBL2	ENSG00000165471	21	1044
MBTPS1	ENSG00000140943	8	73
MDFIC	ENSG00000135272	0	49
MDK	ENSG00000110492	22	1234
MENT	ENSG00000143443	539	81925
MEP1B	ENSG00000141434	1	35
MEPE	ENSG00000152595	2	366
MET	ENSG00000105976	13182	350488
METRN	ENSG00000103260	8	51
METRNL	ENSG00000176845	105	276
METTL24	ENSG00000053328	0	6
MFAP2	ENSG00000117122	7	95
MFAP4	ENSG00000166482	6	183
MFAP5	ENSG00000197614	5	134
MFGE8	ENSG00000140545	31	838
MGAT4A	ENSG00000071073	5	53
MGAT5	ENSG00000152127	0	206
MGP	ENSG00000111341	68	2521
MIA	ENSG00000261857	146	8687
MIF	ENSG00000240972	204	7794
MINPP1	ENSG00000107789	0	44
MLN	ENSG00000096395	84	3891
MMEL1	ENSG00000142606	1	46
MMP1	ENSG00000196611	157	10743
MMP10	ENSG00000166670	15	1015
MMP11	ENSG00000099953	11	586
MMP12	ENSG00000262406	60	2001
MMP13	ENSG00000137745	125	7775
MMP16	ENSG00000156103	7	294
MMP17	ENSG00000198598	2	117
MMP19	ENSG00000123342	5	242
MMP2	ENSG00000087245	517	29088
MMP20	ENSG00000137674	1	349
MMP21	ENSG00000154485	0	67
MMP23B	ENSG00000189409	0	31
MMP24	ENSG00000125966	2	112
MMP25	ENSG00000008516	0	116
MMP26	ENSG00000167346	2	153
MMP28	ENSG00000271447	2	148
MMP3	ENSG00000149968	126	8557
MMP7	ENSG00000137673	65	3517
MMP8	ENSG00000118113	88	2786
MMP9	ENSG00000100985	839	40018
MMRN1	ENSG00000138722	1	87
MMRN2	ENSG00000173269	0	41
MPEG1	ENSG00000197629	4	213
MR1	ENSG00000153029	18	2549
MSLN	ENSG00000102854	4	1038
MSMB	ENSG00000263639	2	169
MSMP	ENSG00000215183	1	109
MSTN	ENSG00000138379	129	2166
MUC1	ENSG00000185499	32	7081
MUC13	ENSG00000173702	4	216
MUC15	ENSG00000169550	1	82
MUC20	ENSG00000176945	1	97
MUC7	ENSG00000171195	2	295
MUCL1	ENSG00000172551	0	36
MUSTN1	ENSG00000272573	1	45
MYDGF	ENSG00000074842	15	642
MYOC	ENSG00000034971	9	960
MZB1	ENSG00000170476	3	131
NAMPT	ENSG00000105835	474	2385
NAPSA	ENSG00000131400	0	208
NAXE	ENSG00000163382	1	68
NBL1	ENSG00000158747	6	188
NCAM1	ENSG00000149294	17	1347
NCAN	ENSG00000130287	45	323
NDFIP1	ENSG00000131507	2	108
NDNF	ENSG00000173376	0	90
NDP	ENSG00000124479	74	2263
NECTIN1	ENSG00000110400	0	444
NECTIN4	ENSG00000143217	2	671
NELL1	ENSG00000165973	5	355
NELL2	ENSG00000184613	2	144
NENF	ENSG00000117691	4	39
NETO1	ENSG00000166342	0	63
NGF	ENSG00000134259	174	18649
NGRN	ENSG00000182768	0	33
NHLRC3	ENSG00000188811	0	7
NICOL1	ENSG00000243449	0	2
NID1	ENSG00000116962	15	1056
NID2	ENSG00000087303	9	186
NINJ1	ENSG00000131669	4	239
NMB	ENSG00000197696	103	5592
NMI	ENSG00000123609	30	1757
NMS	ENSG00000204640	300	13567
NMU	ENSG00000109255	100	1856
NODAL	ENSG00000156574	286	64145
NOG	ENSG00000183691	25	1696
NOTCH2NLA	ENSG00000264343	0	6
NOTCH2NLB	ENSG00000286019	0	1
NOTCH2NLC	ENSG00000286219	1	259
NOTUM	ENSG00000185269	4	422
NPB	ENSG00000183979	23	1023
NPC2	ENSG00000119655	19	831
NPFF	ENSG00000139574	22	480
NPIPB15	ENSG00000196436	1	6
NPIPB7	ENSG00000233232	0	0
NPNT	ENSG00000168743	2	117
NPPA	ENSG00000175206	27	913
NPPB	ENSG00000120937	24	1571
NPPC	ENSG00000163273	2	391
NPS	ENSG00000214285	550	80463
NPTX1	ENSG00000171246	1	131
NPTX2	ENSG00000106236	2	232
NPVF	ENSG00000105954	4	73
NPW	ENSG00000183971	19	296
NPY	ENSG00000122585	1511	12325
NRCAM	ENSG00000091129	4	368
NRG1	ENSG00000157168	237	4257
NRG2	ENSG00000158458	2	151
NRG3	ENSG00000185737	4	198
NRG4	ENSG00000169752	86	192
NRP1	ENSG00000099250	39	2146
NRP2	ENSG00000118257	7	631
NRTN	ENSG00000171119	1	284
NSUN2	ENSG00000037474	7	413
NTF3	ENSG00000185652	5	270
NTF4	ENSG00000225950	1	83
NTN1	ENSG00000065320	20	874
NTN3	ENSG00000162068	0	10
NTN4	ENSG00000074527	2	138
NTN5	ENSG00000142233	0	8
NTS	ENSG00000133636	252	10171
NUCB1	ENSG00000104805	43	299
NUCB2	ENSG00000070081	152	650
NXPE1	ENSG00000095110	1	7
NXPE3	ENSG00000144815	1	10
NXPE4	ENSG00000137634	0	3
NXPH1	ENSG00000122584	3	46
NXPH2	ENSG00000144227	0	7
NXPH3	ENSG00000182575	0	11
NXPH4	ENSG00000182379	0	34
NYX	ENSG00000188937	16	231
OAS1	ENSG00000089127	14	887
OBP2A	ENSG00000122136	2	30
OBP2B	ENSG00000171102	0	9
OC90	ENSG00000253117	0	35
ODAM	ENSG00000109205	15	176
ODAPH	ENSG00000174792	0	12
OGN	ENSG00000106809	15	335
OIT3	ENSG00000138315	2	30
OLFM1	ENSG00000130558	2	54
OLFM2	ENSG00000105088	5	26
OLFM3	ENSG00000118733	0	24
OLFM4	ENSG00000102837	15	447
OLFML1	ENSG00000183801	1	12
OLFML2A	ENSG00000185585	0	24
OLFML2B	ENSG00000162745	2	37
OLFML3	ENSG00000116774	1	63
OLR1	ENSG00000173391	63	1212
OMD	ENSG00000127083	10	1232
OOSP2	ENSG00000149507	0	5
OOSP3	ENSG00000285231	0	3
OOSP4A	ENSG00000285375	0	0
OOSP4B	ENSG00000255393	0	0
OPRPN	ENSG00000171199	0	3
OPTC	ENSG00000188770	1	55
ORM1	ENSG00000229314	12	382
ORM2	ENSG00000228278	13	202
OSCAR	ENSG00000170909	130	7567
OSM	ENSG00000099985	75	3694
OSTN	ENSG00000188729	9	97
OTOA	ENSG00000155719	0	84
OTOL1	ENSG00000182447	2	5
OTOR	ENSG00000125879	0	66
OTOS	ENSG00000178602	0	52
OVCH1	ENSG00000187950	0	8
OXT	ENSG00000101405	120	1680
P3H1	ENSG00000117385	0	138
P4HB	ENSG00000185624	14	484
PAEP	ENSG00000122133	3	676
PAM	ENSG00000145730	238	16070
PAMR1	ENSG00000149090	1	44
PAPLN	ENSG00000100767	1	15
PATE1	ENSG00000171053	1	16
PATE2	ENSG00000196844	0	1
PATE3	ENSG00000236027	0	1
PATE4	ENSG00000237353	2	11
PCDH12	ENSG00000113555	1	56
PCDHA1	ENSG00000204970	2	20
PCDHA10	ENSG00000250120	0	6
PCDHA6	ENSG00000081842	0	9
PCOLCE	ENSG00000106333	4	128
PCOLCE2	ENSG00000163710	2	70
PCSK1N	ENSG00000102109	15	84
PCSK2	ENSG00000125851	31	137
PCSK6	ENSG00000140479	5	258
PCSK9	ENSG00000169174	663	7846
PCYOX1L	ENSG00000145882	0	8
PDCD1LG2	ENSG00000197646	1	841
PDCD6IP	ENSG00000170248	3	329
PDGFA	ENSG00000197461	26	2247
PDGFB	ENSG00000100311	74	6655
PDGFC	ENSG00000145431	22	410
PDGFD	ENSG00000170962	10	433
PDGFRL	ENSG00000104213	0	37
PDYN	ENSG00000101327	18	438
PDZD11	ENSG00000120509	0	15
PEBP4	ENSG00000134020	1	60
PENK	ENSG00000181195	14	720
PF4	ENSG00000163737	24	3235
PF4V1	ENSG00000109272	0	69
PGA3	ENSG00000229859	0	36
PGA4	ENSG00000229183	0	27
PGA5	ENSG00000256713	0	31
PGC	ENSG00000096088	1842	12981
PGF	ENSG00000119630	202	8361
PGLYRP1	ENSG00000008438	3	223
PGLYRP2	ENSG00000161031	1	65
PGLYRP3	ENSG00000159527	1	39
PGLYRP4	ENSG00000163218	0	35
PGRMC1	ENSG00000101856	11	498
PGRMC2	ENSG00000164040	2	128
PI15	ENSG00000137558	92	830
PI16	ENSG00000164530	142	1156
PI3	ENSG00000124102	317	10203
PIBF1	ENSG00000083535	0	139
PIGR	ENSG00000162896	14	872
PILRA	ENSG00000085514	4	95
PINLYP	ENSG00000234465	0	6
PIP	ENSG00000159763	131	12369
PKD2	ENSG00000118762	110	7765
PKDCC	ENSG00000162878	0	43
PLA1A	ENSG00000144837	1	51
PLA2G10	ENSG00000069764	3	97
PLA2G12A	ENSG00000123739	4	41
PLA2G12B	ENSG00000138308	6	46
PLA2G15	ENSG00000103066	1	46
PLA2G1B	ENSG00000170890	15	119
PLA2G2A	ENSG00000188257	24	384
PLA2G2C	ENSG00000187980	1	13
PLA2G2D	ENSG00000117215	6	88
PLA2G2E	ENSG00000188784	3	12
PLA2G2F	ENSG00000158786	1	22
PLA2G3	ENSG00000100078	1	64
PLA2G5	ENSG00000127472	5	118
PLA2G7	ENSG00000146070	37	421
PLA2R1	ENSG00000153246	4	543
PLAC1	ENSG00000170965	3	142
PLAC9	ENSG00000189129	2	12
PLAT	ENSG00000104368	102	1886
PLAU	ENSG00000122861	12	791
PLAUR	ENSG00000011422	17	2430
PLG	ENSG00000122194	44	2406
PLGLB1	ENSG00000183281	0	10
PLOD3	ENSG00000106397	2	131
PLTP	ENSG00000100979	62	665
PLXDC1	ENSG00000161381	0	46
PM20D1	ENSG00000162877	22	79
PMCH	ENSG00000183395	18	176
PMEL	ENSG00000185664	0	1122
PNLIP	ENSG00000175535	66	209
PNLIPRP1	ENSG00000187021	4	18
PNLIPRP3	ENSG00000203837	0	2
PNOC	ENSG00000168081	12	148
PODN	ENSG00000174348	1	43
PODNL1	ENSG00000132000	0	12
POLGARF	ENSG00000291307	0	2
POMC	ENSG00000115138	3068	67882
PON1	ENSG00000005421	355	3944
PON3	ENSG00000105852	27	298
POSTN	ENSG00000133110	53	2153
PPBP	ENSG00000163736	6	437
PPIA	ENSG00000196262	20	695
PPT1	ENSG00000131238	2	438
PPY	ENSG00000108849	41	5256
PRADC1	ENSG00000135617	1	6
PRAP1	ENSG00000165828	5	46
PRB2	ENSG00000121335	4	246
PRB3	ENSG00000197870	5	99
PRELP	ENSG00000188783	6	167
PRF1	ENSG00000180644	12	894
PRG2	ENSG00000186652	2	102
PRG4	ENSG00000116690	10	545
PRH1	ENSG00000134551	0	63
PRL	ENSG00000172179	385	19281
PRLH	ENSG00000071677	13	154
PRLR	ENSG00000113494	31	1414
PROC	ENSG00000115718	3687	383493
PROK1	ENSG00000143125	2	136
PROK2	ENSG00000163421	16	389
PROS1	ENSG00000184500	6	446
PROZ	ENSG00000126231	3	64
PRR27	ENSG00000187533	0	4
PRR4	ENSG00000111215	0	22
PRSS1	ENSG00000204983	9	608
PRSS12	ENSG00000164099	0	42
PRSS2	ENSG00000275896	7	252
PRSS22	ENSG00000005001	0	21
PRSS23	ENSG00000150687	1	69
PRSS27	ENSG00000172382	2	20
PRSS3	ENSG00000010438	2	136
PRSS33	ENSG00000103355	0	13
PRSS35	ENSG00000146250	0	25
PRSS36	ENSG00000178226	0	8
PRSS37	ENSG00000165076	0	15
PRSS38	ENSG00000185888	0	1
PRSS48	ENSG00000189099	0	2
PRSS51	ENSG00000253649	0	2
PRSS53	ENSG00000151006	0	12
PRSS54	ENSG00000103023	0	5
PRSS57	ENSG00000185198	0	10
PRSS58	ENSG00000258223	0	4
PRSS8	ENSG00000052344	4	110
PRTN3	ENSG00000196415	3	116
PRXL2A	ENSG00000122378	1	11
PSAP	ENSG00000197746	11	1054
PSAPL1	ENSG00000178597	2	9
PSG1	ENSG00000231924	3	134
PSG11	ENSG00000243130	0	23
PSG2	ENSG00000242221	0	43
PSG3	ENSG00000221826	0	36
PSG4	ENSG00000243137	0	24
PSG5	ENSG00000204941	2	126
PSG6	ENSG00000170848	4	44
PSG7	ENSG00000221878	0	19
PSG8	ENSG00000124467	0	9
PSG9	ENSG00000183668	0	31
PSORS1C2	ENSG00000204538	0	13
PSPN	ENSG00000125650	0	153
PTEN	ENSG00000171862	684	28116
PTGDS	ENSG00000107317	12	301
PTH	ENSG00000152266	899	29089
PTH2	ENSG00000142538	0	222
PTHLH	ENSG00000087494	6	1490
PTN	ENSG00000105894	37	2198
PTPRJ	ENSG00000149177	7	260
PTPRR	ENSG00000153233	3	100
PTX3	ENSG00000163661	128	2168
PTX4	ENSG00000251692	0	34
PVR	ENSG00000073008	67	9980
PXDN	ENSG00000130508	7	192
PXDNL	ENSG00000147485	2	25
PYY	ENSG00000131096	1099	3246
PZP	ENSG00000126838	15	327
QPCT	ENSG00000115828	3	85
QRFP	ENSG00000188710	16	93
QSOX1	ENSG00000116260	6	165
QSOX2	ENSG00000165661	1	37
R3HDML	ENSG00000101074	3	8
RAET1E	ENSG00000164520	2	71
RAET1G	ENSG00000203722	0	18
RARRES1	ENSG00000118849	2	127
RARRES2	ENSG00000106538	289	761
RBAKDN	ENSG00000273313	0	9
RBP3	ENSG00000265203	3	121
RBP4	ENSG00000138207	709	1682
REG1A	ENSG00000115386	12	408
REG1B	ENSG00000172023	3	69
REG3A	ENSG00000172016	32	966
REG3G	ENSG00000143954	31	236
REG4	ENSG00000134193	4	196
REN	ENSG00000143839	4058	155281
RETN	ENSG00000104918	588	1332
RETNLB	ENSG00000163515	68	200
RLN1	ENSG00000107018	3	77
RLN2	ENSG00000107014	6	207
RLN3	ENSG00000171136	11	189
RNASE1	ENSG00000129538	5	134
RNASE10	ENSG00000182545	0	12
RNASE11	ENSG00000173464	0	3
RNASE12	ENSG00000258436	0	2
RNASE13	ENSG00000206150	0	6
RNASE3	ENSG00000169397	2	218
RNASE4	ENSG00000258818	0	40
RNASE6	ENSG00000169413	3	37
RNASE7	ENSG00000165799	1	146
RNASE8	ENSG00000173431	0	4
RNASE9	ENSG00000188655	0	11
RNASET2	ENSG00000026297	0	156
RNF43	ENSG00000108375	7	517
RNLS	ENSG00000184719	4	123
RNPEP	ENSG00000176393	2	12
RPTN	ENSG00000215853	0	32
RS1	ENSG00000102104	19	1399
RSPO1	ENSG00000169218	12	425
RSPO2	ENSG00000147655	5	282
RSPO3	ENSG00000146374	24	275
RSPO4	ENSG00000101282	1	84
RSPRY1	ENSG00000159579	0	9
RTBDN	ENSG00000132026	0	17
S100A12	ENSG00000163221	38	1161
S100A13	ENSG00000189171	3	144
S100A4	ENSG00000196154	35	1986
S100A7	ENSG00000143556	9	697
S100A8	ENSG00000143546	113	3298
S100A9	ENSG00000163220	110	2998
S100B	ENSG00000160307	59	4652
SAA1	ENSG00000173432	65	1013
SAA2	ENSG00000134339	27	437
SAA4	ENSG00000148965	5	137
SAMD1	ENSG00000288488	0	26
SBSN	ENSG00000189001	1	73
SBSPON	ENSG00000164764	1	10
SCG2	ENSG00000171951	5	161
SCG3	ENSG00000104112	10	93
SCG5	ENSG00000166922	7	179
SCGB1A1	ENSG00000149021	6	964
SCGB1C1	ENSG00000188076	0	7
SCGB1C2	ENSG00000268320	0	0
SCGB1D1	ENSG00000168515	0	7
SCGB1D2	ENSG00000124935	0	179
SCGB1D4	ENSG00000197745	0	158
SCGB2A1	ENSG00000124939	1	205
SCGB2A2	ENSG00000110484	0	218
SCGB2B2	ENSG00000205209	0	2
SCGB3A1	ENSG00000161055	1	118
SCGB3A2	ENSG00000164265	0	93
SCGN	ENSG00000079689	12	153
SCN1B	ENSG00000105711	2	362
SCPEP1	ENSG00000121064	0	57
SCPPPQ1	ENSG00000272856	0	7
SCRG1	ENSG00000164106	0	39
SCT	ENSG00000070031	233	13512
SCUBE1	ENSG00000159307	3	135
SCUBE2	ENSG00000175356	2	118
SCUBE3	ENSG00000146197	0	73
SDC1	ENSG00000115884	23	1873
SDC4	ENSG00000124145	20	732
SDCBP	ENSG00000137575	1	198
SDF2	ENSG00000132581	1	74
SECTM1	ENSG00000141574	1	43
SELENOP	ENSG00000250722	38	312
SEMA3A	ENSG00000075213	20	1702
SEMA3B	ENSG00000012171	4	214
SEMA3C	ENSG00000075223	7	243
SEMA3D	ENSG00000153993	1	118
SEMA3E	ENSG00000170381	7	325
SEMA3F	ENSG00000001617	2	313
SEMA3G	ENSG00000010319	4	64
SEMG1	ENSG00000124233	0	65
SEMG2	ENSG00000124157	1	28
SERPINA1	ENSG00000197249	60	1384
SERPINA10	ENSG00000140093	2	93
SERPINA11	ENSG00000186910	2	16
SERPINA12	ENSG00000165953	175	373
SERPINA3	ENSG00000196136	20	458
SERPINA4	ENSG00000100665	3	53
SERPINA5	ENSG00000188488	2	118
SERPINA6	ENSG00000170099	9	140
SERPINA7	ENSG00000123561	3	61
SERPINA9	ENSG00000170054	0	27
SERPINB1	ENSG00000021355	13	173
SERPINB2	ENSG00000197632	7	295
SERPINB3	ENSG00000057149	16	1280
SERPINB4	ENSG00000206073	10	1207
SERPINB5	ENSG00000206075	3	738
SERPINC1	ENSG00000117601	3	411
SERPINE1	ENSG00000106366	273	2905
SERPINE2	ENSG00000135919	34	570
SERPINE3	ENSG00000253309	0	7
SERPINF1	ENSG00000132386	137	2078
SERPINF2	ENSG00000167711	3	94
SERPING1	ENSG00000149131	27	2517
SERPINI1	ENSG00000163536	0	59
SERPINI2	ENSG00000114204	1	16
SFN	ENSG00000175793	132	3148
SFRP1	ENSG00000104332	30	1334
SFRP2	ENSG00000145423	17	906
SFRP4	ENSG00000106483	40	620
SFRP5	ENSG00000120057	103	422
SFTA2	ENSG00000196260	1	29
SFTPA1	ENSG00000122852	0	209
SFTPA2	ENSG00000185303	0	173
SFTPB	ENSG00000168878	3	268
SFTPC	ENSG00000168484	4	644
SFTPD	ENSG00000133661	5	159
SHBG	ENSG00000129214	1978	10862
SHH	ENSG00000164690	129	10016
SIGLEC10	ENSG00000142512	2	179
SIGLEC6	ENSG00000105492	4	96
SIRPD	ENSG00000125900	1	8
SLAMF1	ENSG00000117090	6	327
SLITRK1	ENSG00000178235	1	87
SLPI	ENSG00000124107	10	1053
SLURP1	ENSG00000126233	4	200
SLURP2	ENSG00000283992	2	29
SMIM20	ENSG00000250317	3	45
SMOC1	ENSG00000198732	6	155
SMOC2	ENSG00000112562	9	194
SMPD1	ENSG00000166311	14	398
SMPDL3A	ENSG00000172594	1	33
SMPDL3B	ENSG00000130768	5	62
SMR3A	ENSG00000109208	0	20
SMR3B	ENSG00000171201	1	64
SNCA	ENSG00000145335	33	4172
SNED1	ENSG00000162804	1	17
SNORC	ENSG00000182600	0	10
SNX25	ENSG00000109762	0	30
SOD3	ENSG00000109610	49	1469
SORD	ENSG00000140263	8	196
SOST	ENSG00000167941	132	2179
SOSTDC1	ENSG00000171243	5	187
SPACA3	ENSG00000141316	2	33
SPACA5	ENSG00000171478	0	3
SPACA7	ENSG00000153498	0	5
SPAG11A	ENSG00000178287	1	50
SPAG11B	ENSG00000164871	0	12
SPARC	ENSG00000113140	120	4173
SPARCL1	ENSG00000152583	10	296
SPATA20	ENSG00000006282	4	21
SPATA6	ENSG00000132122	0	34
SPINK1	ENSG00000164266	18	1463
SPINK13	ENSG00000214510	0	17
SPINK14	ENSG00000196800	0	0
SPINK2	ENSG00000128040	0	57
SPINK4	ENSG00000122711	0	42
SPINK5	ENSG00000133710	2	424
SPINK6	ENSG00000178172	0	30
SPINK7	ENSG00000145879	0	56
SPINK8	ENSG00000229453	0	5
SPINK9	ENSG00000204909	0	13
SPINT1	ENSG00000166145	1	269
SPINT3	ENSG00000101446	0	6
SPINT4	ENSG00000149651	0	7
SPOCK1	ENSG00000152377	1	171
SPOCK2	ENSG00000107742	1	89
SPOCK3	ENSG00000196104	0	40
SPON1	ENSG00000262655	4	152
SPON2	ENSG00000159674	2	122
SPP1	ENSG00000118785	202	6633
SPP2	ENSG00000072080	2	104
SPRR2A	ENSG00000241794	1	83
SPX	ENSG00000134548	82	885
SRGN	ENSG00000122862	9	132
SRPX2	ENSG00000102359	0	120
SSC4D	ENSG00000146700	4	11
SST	ENSG00000157005	202	9134
ST3GAL1	ENSG00000008513	1	250
ST3GAL2	ENSG00000157350	4	52
ST3GAL3	ENSG00000126091	2	81
ST3GAL4	ENSG00000110080	4	139
ST6GAL1	ENSG00000073849	20	466
ST8SIA2	ENSG00000140557	3	202
ST8SIA4	ENSG00000113532	1	102
STATH	ENSG00000126549	0	225
STC1	ENSG00000159167	98	998
STC2	ENSG00000113739	18	464
STX1A	ENSG00000106089	14	739
SULF1	ENSG00000137573	3	369
SULF2	ENSG00000196562	13	275
SUSD4	ENSG00000143502	0	15
SVBP	ENSG00000177868	2	54
TAC1	ENSG00000006128	8	581
TAC3	ENSG00000166863	3	186
TAC4	ENSG00000176358	1	90
TAFA1	ENSG00000183662	1	11
TAFA3	ENSG00000184599	0	4
TAFA4	ENSG00000163377	0	52
TAFA5	ENSG00000219438	6	27
TCN1	ENSG00000134827	3	128
TCN2	ENSG00000185339	10	209
TCTN1	ENSG00000204852	2	43
TECTB	ENSG00000119913	0	34
TEK	ENSG00000120156	57	2514
TEX101	ENSG00000131126	1	83
TF	ENSG00000091513	769	41576
TFF1	ENSG00000160182	4	1260
TFF2	ENSG00000160181	15	605
TFF3	ENSG00000160180	31	1223
TFPI	ENSG00000003436	40	2559
TFPI2	ENSG00000105825	7	457
TFRC	ENSG00000072274	42	1211
TGFA	ENSG00000163235	19	553
TGFB1	ENSG00000105329	326	10712
TGFB2	ENSG00000092969	19	1289
TGFB3	ENSG00000119699	28	3000
TGFBI	ENSG00000120708	16	862
TGFBR2	ENSG00000163513	111	6692
TGFBR3	ENSG00000069702	5	894
TGM2	ENSG00000198959	18	802
THBS1	ENSG00000137801	77	1583
THBS4	ENSG00000113296	7	209
THEM6	ENSG00000130193	0	10
THNSL2	ENSG00000144115	5	17
THPO	ENSG00000090534	1	234
THSD1	ENSG00000136114	0	40
THSD4	ENSG00000187720	1	54
TIMD4	ENSG00000145850	6	170
TIMP1	ENSG00000102265	413	11773
TIMP2	ENSG00000035862	130	6174
TIMP3	ENSG00000100234	48	2664
TIMP4	ENSG00000157150	21	653
TINAG	ENSG00000137251	0	68
TINAGL1	ENSG00000142910	2	61
TLL1	ENSG00000038295	7	115
TLL2	ENSG00000095587	2	58
TMEFF2	ENSG00000144339	1	163
TMEM119	ENSG00000183160	9	298
TMEM25	ENSG00000149582	0	15
TMEM98	ENSG00000006042	1	44
TMPRSS11D	ENSG00000153802	1	41
TMPRSS11E	ENSG00000087128	0	21
TMPRSS13	ENSG00000137747	0	48
TMPRSS2	ENSG00000184012	75	3797
TMPRSS4	ENSG00000137648	3	191
TMX1	ENSG00000139921	2	50
TNF	ENSG00000204490	11638	265130
TNFAIP6	ENSG00000123610	8	643
TNFRSF11B	ENSG00000164761	110	2827
TNFRSF18	ENSG00000186891	2	566
TNFRSF1A	ENSG00000067182	73	1597
TNFRSF1B	ENSG00000028137	28	593
TNFRSF25	ENSG00000215788	3	343
TNFRSF6B	ENSG00000243509	2	250
TNFSF10	ENSG00000121858	37	3958
TNFSF11	ENSG00000120659	66	4466
TNFSF12	ENSG00000239697	40	795
TNFSF13	ENSG00000161955	7	522
TNFSF13B	ENSG00000102524	15	1521
TNFSF14	ENSG00000125735	27	584
TNFSF15	ENSG00000181634	9	559
TNN	ENSG00000120332	28	1808
TNR	ENSG00000116147	11	1081
TPSAB1	ENSG00000172236	2	312
TPSB2	ENSG00000197253	6	253
TPSD1	ENSG00000095917	1	11
TREM1	ENSG00000124731	36	1459
TREM2	ENSG00000095970	167	2977
TREML4	ENSG00000188056	1	29
TRH	ENSG00000170893	218	12322
TSHB	ENSG00000134200	4	173
TSKU	ENSG00000182704	7	43
TSLP	ENSG00000145777	34	2877
TSPEAR	ENSG00000175894	0	54
TTR	ENSG00000118271	119	7039
TUB	ENSG00000166402	112	2111
TUFT1	ENSG00000143367	0	90
TULP1	ENSG00000112041	13	148
TULP2	ENSG00000104804	5	26
TULP3	ENSG00000078246	13	86
TWSG1	ENSG00000128791	0	67
TXN	ENSG00000136810	23	794
TXNDC16	ENSG00000087301	0	3
UCMA	ENSG00000165623	1	62
UCN	ENSG00000163794	25	2163
UCN2	ENSG00000145040	14	236
UCN3	ENSG00000178473	30	256
ULBP2	ENSG00000131015	0	380
UMOD	ENSG00000169344	18	1247
UTS2	ENSG00000049247	7	71
UTS2B	ENSG00000188958	1	36
VASH1	ENSG00000071246	7	260
VASH2	ENSG00000143494	0	99
VASN	ENSG00000168140	4	107
VCAM1	ENSG00000162692	552	12288
VEGFA	ENSG00000112715	637	26809
VEGFB	ENSG00000173511	75	922
VEGFC	ENSG00000150630	59	3783
VEGFD	ENSG00000165197	35	1329
VGF	ENSG00000128564	52	813
VIP	ENSG00000146469	1103	42277
VIT	ENSG00000205221	383	12610
VMO1	ENSG00000182853	0	30
VSTM1	ENSG00000189068	0	38
VSTM2A	ENSG00000170419	2	19
VSTM4	ENSG00000165633	0	4
VTN	ENSG00000109072	9	344
VWA1	ENSG00000179403	0	53
VWA2	ENSG00000165816	0	32
VWA3A	ENSG00000175267	0	11
VWA5B1	ENSG00000158816	0	5
VWA7	ENSG00000204396	1	10
VWC2	ENSG00000188730	2	23
VWC2L	ENSG00000174453	0	5
VWCE	ENSG00000167992	0	32
WFDC1	ENSG00000103175	0	59
WFDC10A	ENSG00000180305	0	4
WFDC10B	ENSG00000182931	0	2
WFDC11	ENSG00000180083	0	4
WFDC12	ENSG00000168703	0	17
WFDC13	ENSG00000168634	0	7
WFDC2	ENSG00000101443	10	772
WFDC3	ENSG00000124116	1	14
WFDC5	ENSG00000175121	0	10
WFDC6	ENSG00000243543	0	4
WFDC8	ENSG00000158901	0	7
WFDC9	ENSG00000180205	0	4
WFIKKN1	ENSG00000127578	2	20
WFIKKN2	ENSG00000173714	4	49
WIF1	ENSG00000156076	3	731
WNT1	ENSG00000125084	90	4234
WNT10A	ENSG00000135925	7	498
WNT10B	ENSG00000169884	79	766
WNT11	ENSG00000085741	7	703
WNT16	ENSG00000002745	8	308
WNT2	ENSG00000105989	12	720
WNT2B	ENSG00000134245	8	386
WNT3	ENSG00000108379	7	1250
WNT3A	ENSG00000154342	71	3609
WNT4	ENSG00000162552	22	1418
WNT5A	ENSG00000114251	100	3464
WNT5B	ENSG00000111186	13	370
WNT6	ENSG00000115596	9	321
WNT7A	ENSG00000154764	8	784
WNT7B	ENSG00000188064	7	513
WNT8A	ENSG00000061492	1	281
WNT8B	ENSG00000075290	1	193
WNT9A	ENSG00000143816	2	182
WNT9B	ENSG00000158955	4	220
XCL1	ENSG00000143184	9	476
XCL2	ENSG00000143185	2	82
XDH	ENSG00000158125	16	966
XYLT1	ENSG00000103489	2	87
XYLT2	ENSG00000015532	1	62
YBX1	ENSG00000065978	16	1614
ZBED3	ENSG00000132846	14	48
ZG16	ENSG00000174992	1	72
ZG16B	ENSG00000162078	0	56
ZPBP	ENSG00000042813	1	33
ZPBP2	ENSG00000186075	0	51
ZPLD1	ENSG00000170044	2	17
