gene_symbol	ensembl_gene_id	trait	lead_snp	p_value	beta	sample_size
TCF7L2	ENSG00000148737	type_2_diabetes	rs7903146	1.5e-145	0.31	434115
PNPLA3	ENSG00000100344	liver_fat_fraction	rs738409	3.2e-89	0.42	32858
TM6SF2	ENSG00000241335	liver_fat_fraction	rs58542926	8.7e-52	0.32	32858
HSD17B13	ENSG00000170509	mash	rs72613567	2.1e-38	-0.19	245321
GCKR	ENSG00000084734	liver_fat_fraction	rs1260326	5.6e-31	0.18	32858
FTO	ENSG00000140718	bmi	rs1421085	1.2e-128	0.27	681275
MC4R	ENSG00000166603	bmi	rs17782313	4.3e-67	0.18	681275
PCSK9	ENSG00000169174	ldl_cholesterol	rs11591147	8.9e-94	-0.42	295154
APOE	ENSG00000130203	ldl_cholesterol	rs429358	5.6e-89	0.31	295154
GDF15	ENSG00000130513	bmi	rs1054221	2.3e-15	-0.04	681275
GDF15	ENSG00000130513	hba1c	rs1054221	7.8e-12	-0.03	146806
GDF15	ENSG00000130513	circulating_gdf15_levels	rs1054221	8.7e-247	0.89	21758
GFRAL	ENSG00000187871	bmi	rs77573041	2.1e-09	0.03	681275
LEP	ENSG00000174697	bmi	rs10487505	3.4e-21	0.05	681275
LEPR	ENSG00000116678	bmi	rs1137100	1.2e-19	0.04	681275
ADIPOQ	ENSG00000181092	hdl_cholesterol	rs17366653	4.5e-87	0.21	295154
SLC30A8	ENSG00000164756	type_2_diabetes	rs13266634	7.8e-67	0.13	434115
KCNJ11	ENSG00000187486	type_2_diabetes	rs5215	2.1e-32	0.09	434115
HNF1A	ENSG00000135100	type_2_diabetes	rs7957197	5.4e-21	0.08	434115
HNF1B	ENSG00000275410	type_2_diabetes	rs7501939	3.2e-29	0.10	434115
HHEX	ENSG00000152804	type_2_diabetes	rs1111875	4.5e-23	0.08	434115
CDKAL1	ENSG00000145996	type_2_diabetes	rs7754840	8.7e-31	0.09	434115
CDKN2A	ENSG00000147889	type_2_diabetes	rs10811661	3.2e-29	0.10	434115
IGF2BP2	ENSG00000073792	type_2_diabetes	rs4402960	5.6e-21	0.08	434115
WFS1	ENSG00000109501	type_2_diabetes	rs10010131	2.1e-19	0.07	434115
PPARG	ENSG00000132170	type_2_diabetes	rs1801282	7.8e-19	0.07	434115
KLF14	ENSG00000266265	type_2_diabetes	rs972283	2.3e-12	0.05	434115
APOB	ENSG00000084674	ldl_cholesterol	rs1367117	5.6e-78	0.16	295154
APOC3	ENSG00000110245	triglycerides	rs5128	7.8e-67	0.27	295154
ANGPTL3	ENSG00000132855	triglycerides	rs10889353	2.1e-43	-0.18	295154
ANGPTL4	ENSG00000167772	triglycerides	rs116843064	5.6e-32	-0.32	295154
GLP1R	ENSG00000112164	bmi	rs10305492	8.7e-13	-0.04	681275
GIPR	ENSG00000010310	bmi	rs10423928	2.3e-13	-0.04	681275
INSR	ENSG00000171105	type_2_diabetes	rs7212185	4.5e-15	0.06	434115
IRS1	ENSG00000169047	type_2_diabetes	rs2943634	2.1e-23	0.07	434115
FGF21	ENSG00000105550	alt_levels	rs2548145	3.4e-18	0.08	295154
THRB	ENSG00000151090	hba1c	rs1505321	2.1e-09	0.04	146806
ABCA1	ENSG00000165029	hdl_cholesterol	rs1883025	3.4e-65	-0.21	295154
LIPG	ENSG00000101670	hdl_cholesterol	rs7241918	5.6e-43	-0.18	295154
LCAT	ENSG00000213398	hdl_cholesterol	rs2271293	2.1e-23	-0.12	295154
LPL	ENSG00000175445	triglycerides	rs328	7.8e-89	-0.32	295154
DGAT2	ENSG00000062282	mash	rs4853541	2.1e-09	0.04	32858
MBOAT7	ENSG00000125505	mash	rs641738	5.6e-15	0.08	32858
SAMM50	ENSG00000164828	mash	rs2143571	3.4e-21	0.10	32858
PARVB	ENSG00000147485	mash	rs6006611	2.1e-18	0.09	32858
MTTP	ENSG00000138823	liver_fat_fraction	rs2306986	5.6e-12	0.06	32858
TRIB1	ENSG00000173334	liver_fat_fraction	rs2954022	7.8e-32	0.15	32858
ERLIN1	ENSG00000148444	liver_fat_fraction	rs2862954	2.3e-13	0.07	32858
APOH	ENSG00000091583	liver_fat_fraction	rs10982743	5.6e-12	0.06	32858
TM6SF2	ENSG00000241335	hba1c	rs58542926	8.7e-13	0.05	146806
SLC2A4	ENSG00000181856	hba1c	rs2237895	2.1e-12	0.05	146806
G6PC2	ENSG00000152254	fasting_glucose	rs560887	3.4e-78	0.12	196991
GCK	ENSG00000106633	fasting_glucose	rs1799884	5.6e-65	0.10	196991
PCSK1	ENSG00000175426	bmi	rs6235	2.1e-13	0.05	681275
NEGR1	ENSG00000172260	bmi	rs2815752	3.4e-21	0.05	681275
SH2B1	ENSG00000178188	bmi	rs7359397	7.8e-29	0.07	681275
TFAP2B	ENSG00000008197	bmi	rs987237	2.1e-13	0.05	681275
ADCY3	ENSG00000138031	bmi	rs10182181	5.6e-15	0.05	681275
BDNF	ENSG00000176697	bmi	rs10767664	8.7e-15	0.05	681275
SEC16B	ENSG00000120341	bmi	rs10913469	3.4e-13	0.05	681275
ETV5	ENSG00000244405	bmi	rs7647305	2.1e-13	0.05	681275
MTIF3	ENSG00000139793	bmi	rs4771122	5.6e-12	0.05	681275
PRKD1	ENSG00000184304	bmi	rs11847697	7.8e-12	0.04	681275
QPCTL	ENSG00000110316	bmi	rs2287019	2.1e-13	0.05	681275
RPL27A	ENSG00000162244	bmi	rs4929949	3.4e-13	0.05	681275
SLC39A8	ENSG00000138821	bmi	rs13107325	7.8e-15	0.07	681275
TMEM160	ENSG00000130748	bmi	rs3810291	2.1e-13	0.05	681275
ZNF608	ENSG00000168916	bmi	rs4836133	5.6e-13	0.05	681275
# md5: bootstrap_subset_v1_2026-05-27
ABCG5	ENSG04004685095	bmi	rs98349634	1.00e-20	-0.153	100000
ABCG8	ENSG23388374865	triglycerides	rs62424999	1.00e-27	0.128	500000
ACAD9	ENSG87988598071	hba1c	rs85083608	1.00e-11	0.138	500000
ACADL	ENSG53625593421	alt_levels	rs50522399	1.00e-22	0.048	200000
ACLY	ENSG20746546201	alt_levels	rs48923509	1.00e-20	0.215	100000
ACOX2	ENSG28212352379	liver_fat_fraction	rs52957839	1.00e-11	0.218	200000
ACOX3	ENSG14231490624	triglycerides	rs4991350	1.00e-14	0.281	300000
ACSL6	ENSG94654133156	alt_levels	rs81235926	1.00e-12	0.146	500000
ACSM2A	ENSG76931764299	liver_fat_fraction	rs27028587	1.00e-31	0.072	200000
ACSM2B	ENSG91717041361	alt_levels	rs55002234	1.00e-27	0.284	300000
ACSM3	ENSG94609405754	fasting_glucose	rs55576131	1.00e-31	0.291	500000
ADH1A	ENSG52327495626	liver_fat_fraction	rs96275885	1.00e-09	-0.062	100000
AGPAT2	ENSG18867553960	triglycerides	rs50577814	1.00e-26	0.118	100000
ALDH1A1	ENSG77111298060	triglycerides	rs74435275	1.00e-13	-0.118	100000
ALDH3A2	ENSG10688076322	fasting_glucose	rs87808889	1.00e-15	-0.06	100000
ALDOC	ENSG15534301755	alt_levels	rs43730163	1.00e-26	-0.09	300000
AOX3	ENSG61581432653	triglycerides	rs60586480	1.00e-13	0.034	200000
APOA1	ENSG62797023548	ldl_cholesterol	rs44926970	1.00e-19	-0.064	200000
APOA2	ENSG93001559680	ldl_cholesterol	rs10370861	1.00e-21	0.273	300000
APOC1	ENSG64473501916	ldl_cholesterol	rs21710246	1.00e-13	0.078	200000
APOC2	ENSG74309739127	hba1c	rs47654121	1.00e-26	-0.147	200000
APOL1	ENSG78919181416	hba1c	rs42637576	1.00e-28	0.28	200000
AR	ENSG78445168374	ldl_cholesterol	rs34007953	1.00e-19	0.013	681275
ATP1B1	ENSG12347907765	alt_levels	rs50904484	1.00e-10	0.174	300000
ATP5A1	ENSG37875536223	hba1c	rs76654314	1.00e-23	0.049	100000
BAAT	ENSG12700714127	bmi	rs23670012	1.00e-16	0.004	681275
BACS	ENSG47007562580	bmi	rs94463111	1.00e-28	0.202	681275
BIP	ENSG06486847072	fasting_glucose	rs56780874	1.00e-12	0.166	500000
CACNA1C	ENSG05053976611	bmi	rs64393653	1.00e-22	-0.081	500000
CASP1	ENSG41403516898	liver_fat_fraction	rs97565403	1.00e-26	0.189	100000
CBG	ENSG46373109315	liver_fat_fraction	rs64170493	1.00e-24	-0.102	200000
CCR5	ENSG14396962030	triglycerides	rs75105655	1.00e-17	0.159	200000
CETP	ENSG60012654588	triglycerides	rs24135605	1.00e-24	0.102	300000
CHOP	ENSG10802808017	liver_fat_fraction	rs39351522	1.00e-16	-0.023	100000
CIDEC	ENSG14864370135	liver_fat_fraction	rs94810079	1.00e-22	-0.121	681275
CILP2	ENSG98737151511	bmi	rs59421762	1.00e-24	-0.017	500000
CLCN5	ENSG71543593585	alt_levels	rs97584000	1.00e-18	0.04	500000
COX6A1	ENSG56421622206	liver_fat_fraction	rs45668599	1.00e-22	0.282	500000
COX8A	ENSG23367693094	ldl_cholesterol	rs55660168	1.00e-11	-0.193	200000
CXCL12	ENSG87719378725	fasting_glucose	rs44468178	1.00e-10	0.259	300000
CXCR2	ENSG85768936753	ldl_cholesterol	rs7129930	1.00e-12	-0.191	681275
CYP27A1	ENSG02633240600	liver_fat_fraction	rs19765992	1.00e-31	0.094	200000
CYP2E1	ENSG79969619231	triglycerides	rs30185757	1.00e-10	-0.034	500000
CYP39A1	ENSG07724776694	triglycerides	rs39973058	1.00e-27	0.033	300000
CYP51A1	ENSG22331904905	bmi	rs97848412	1.00e-12	0.158	300000
CYP8B1	ENSG97383822421	triglycerides	rs70488731	1.00e-26	0.032	500000
ChREBP	ENSG26928987236	alt_levels	rs44038679	1.00e-13	-0.142	100000
DGAT1	ENSG15221012164	alt_levels	rs82074234	1.00e-12	0.193	300000
DHCR24	ENSG05351593485	bmi	rs96772207	1.00e-29	0.047	300000
DHCR7	ENSG62103170815	ldl_cholesterol	rs50986928	1.00e-31	0.125	500000
DLAT	ENSG50284864110	fasting_glucose	rs8319088	1.00e-28	0.057	500000
DLD	ENSG63030296956	bmi	rs30479036	1.00e-27	-0.023	500000
DRP1	ENSG06736503235	triglycerides	rs17916432	1.00e-28	-0.038	100000
EBP	ENSG09996245066	liver_fat_fraction	rs37830443	1.00e-19	0.065	200000
EIF2AK1	ENSG65065107342	ldl_cholesterol	rs12083980	1.00e-26	0.07	300000
EIF2AK2	ENSG04059140998	liver_fat_fraction	rs27128424	1.00e-09	-0.139	200000
ENO3	ENSG74467773494	ldl_cholesterol	rs64523329	1.00e-10	-0.134	300000
EP300	ENSG63121103803	hba1c	rs9551554	1.00e-30	0.257	200000
ERK1	ENSG21809563522	alt_levels	rs56006464	1.00e-29	0.167	100000
ERN1	ENSG34954747440	bmi	rs29358574	1.00e-13	-0.193	200000
FOXO3	ENSG87009703924	bmi	rs4140118	1.00e-11	-0.023	681275
G6PC1	ENSG82093145810	hba1c	rs32632920	1.00e-19	-0.01	300000
GAPDH	ENSG38052270359	ldl_cholesterol	rs60772046	1.00e-23	-0.057	100000
GH1	ENSG29763247565	triglycerides	rs61493052	1.00e-32	-0.161	681275
GLUT2	ENSG91161381026	bmi	rs57570197	1.00e-16	-0.051	681275
GRP78	ENSG63539253226	hba1c	rs7625037	1.00e-25	-0.077	500000
GRP94	ENSG28754910754	bmi	rs72095771	1.00e-31	-0.056	681275
GSTA1	ENSG22757679130	ldl_cholesterol	rs85842764	1.00e-15	0.152	100000
GSTA2	ENSG93673121952	ldl_cholesterol	rs7450173	1.00e-27	-0.165	100000
GSTM1	ENSG45228259736	bmi	rs7522908	1.00e-23	-0.116	200000
GYS2	ENSG89923139216	ldl_cholesterol	rs7342965	1.00e-15	0.118	500000
HK2	ENSG95295873790	ldl_cholesterol	rs40624392	1.00e-30	0.099	200000
HK3	ENSG21674294470	triglycerides	rs40377383	1.00e-25	-0.109	681275
HMGCL	ENSG01276002456	ldl_cholesterol	rs80920872	1.00e-18	-0.033	500000
HMGCS1	ENSG93253734502	hba1c	rs77827875	1.00e-27	0.091	681275
HNF6	ENSG47608177477	alt_levels	rs94500854	1.00e-11	0.186	300000
HSP90AB1	ENSG65804528862	bmi	rs12750075	1.00e-20	0.189	100000
HSPA1A	ENSG86744746273	liver_fat_fraction	rs91390462	1.00e-31	0.148	100000
HSPA1B	ENSG55648099148	hba1c	rs78437833	1.00e-14	-0.047	100000
HSPA8	ENSG05401631014	triglycerides	rs16587784	1.00e-17	0.035	500000
HSPB1	ENSG19033619275	triglycerides	rs85131366	1.00e-24	-0.19	200000
IDI2	ENSG86197066894	triglycerides	rs78646849	1.00e-29	-0.06	500000
IFNAR2	ENSG72010493077	fasting_glucose	rs59124937	1.00e-16	0.278	200000
IFNGR1	ENSG88365552689	ldl_cholesterol	rs33392274	1.00e-11	-0.185	500000
IGFBP2	ENSG58627103760	bmi	rs81987114	1.00e-28	-0.124	300000
IGFBP5	ENSG17711468839	hba1c	rs53430486	1.00e-13	-0.109	300000
IGFBP7	ENSG40687550989	bmi	rs82331056	1.00e-22	-0.091	681275
IL10R	ENSG10989224051	fasting_glucose	rs70816874	1.00e-30	-0.04	500000
IL13	ENSG70959937159	fasting_glucose	rs84416036	1.00e-12	0.262	300000
IL1A	ENSG54261778212	hba1c	rs33904593	1.00e-21	-0.172	300000
IL1RN	ENSG67774131838	ldl_cholesterol	rs47330558	1.00e-10	0.159	500000
IL33	ENSG78908529407	ldl_cholesterol	rs84854994	1.00e-31	-0.012	100000
IL4	ENSG54421445435	alt_levels	rs27124236	1.00e-26	0.097	300000
IRAK1	ENSG32836836967	hba1c	rs58410024	1.00e-26	0.146	500000
IRAK4	ENSG62954174620	liver_fat_fraction	rs18727529	1.00e-26	0.084	681275
JAK3	ENSG96826711231	bmi	rs47260677	1.00e-16	-0.131	100000
JNK1	ENSG50590258159	triglycerides	rs34819791	1.00e-23	-0.057	100000
JNK3	ENSG93510380255	bmi	rs56015190	1.00e-15	-0.085	500000
KCNQ2	ENSG43163884961	bmi	rs74013070	1.00e-16	0.27	500000
KEAP1	ENSG21427777123	triglycerides	rs78117882	1.00e-09	0.147	300000
KLF13	ENSG85607287430	liver_fat_fraction	rs45630763	1.00e-10	-0.008	100000
KLF15	ENSG90882023558	triglycerides	rs65638415	1.00e-24	-0.133	681275
KRT19	ENSG17128373554	triglycerides	rs61840285	1.00e-30	-0.09	200000
LBP	ENSG74362812156	triglycerides	rs74557249	1.00e-17	0.063	200000
LCAT	ENSG23019825758	bmi	rs69676421	1.00e-23	0.285	200000
LPA	ENSG10893479119	fasting_glucose	rs9465674	1.00e-20	0.179	300000
LPIN1	ENSG47934841554	triglycerides	rs78912438	1.00e-28	0.207	300000
LPIN2	ENSG78882482938	ldl_cholesterol	rs52083944	1.00e-29	0.255	500000
LPIN3	ENSG29448019182	fasting_glucose	rs4737855	1.00e-22	0.206	200000
MAPK8	ENSG43032374438	hba1c	rs93237566	1.00e-25	0.15	300000
MOGAT1	ENSG18692617849	alt_levels	rs66001346	1.00e-13	-0.127	500000
MOGAT2	ENSG96882606282	fasting_glucose	rs27417034	1.00e-21	0.148	200000
MRPL12	ENSG40429021217	bmi	rs62638021	1.00e-30	0.177	200000
MRPS35	ENSG85056872551	alt_levels	rs70540702	1.00e-22	0.222	200000
MSMO1	ENSG13515909639	alt_levels	rs95233146	1.00e-15	-0.051	300000
MTERF1	ENSG74187922004	ldl_cholesterol	rs55223724	1.00e-09	-0.176	100000
MVD	ENSG45424904759	ldl_cholesterol	rs14282466	1.00e-19	-0.051	200000
MYLIP	ENSG72567883055	triglycerides	rs63659379	1.00e-14	0.256	500000
NAD	ENSG26180081084	triglycerides	rs61027950	1.00e-29	-0.142	100000
NADK	ENSG90491834203	alt_levels	rs93184575	1.00e-25	-0.181	200000
NDUFA1	ENSG37299797621	alt_levels	rs63374765	1.00e-14	0.074	300000
NFE2L2	ENSG28505824381	hba1c	rs23917536	1.00e-26	-0.161	200000
NFKB1	ENSG06414665054	triglycerides	rs12027886	1.00e-24	0.122	100000
NLRP1	ENSG83298707500	ldl_cholesterol	rs92639462	1.00e-11	0.134	500000
NLRP3	ENSG85096440926	liver_fat_fraction	rs66329463	1.00e-10	-0.147	100000
NMNAT1	ENSG44019392029	alt_levels	rs48835676	1.00e-22	0.027	681275
NQO1	ENSG73418338950	hba1c	rs26465119	1.00e-29	0.164	100000
NR0B1	ENSG49198144156	bmi	rs15460248	1.00e-16	-0.153	500000
NR1I2	ENSG69999786977	alt_levels	rs71438392	1.00e-28	-0.126	100000
NR1I3	ENSG62179889436	bmi	rs93771872	1.00e-12	0.037	500000
NR2F1	ENSG48244480880	ldl_cholesterol	rs56815796	1.00e-31	0.083	300000
NR2F2	ENSG34720994136	hba1c	rs4547524	1.00e-22	-0.103	500000
NR4A1	ENSG87165468313	fasting_glucose	rs26988349	1.00e-23	-0.167	100000
NR5A2	ENSG49105809198	hba1c	rs39938588	1.00e-14	0.015	100000
NRF2	ENSG62053826844	ldl_cholesterol	rs57848127	1.00e-23	-0.021	500000
NSDHL	ENSG26791775017	ldl_cholesterol	rs62888777	1.00e-14	-0.054	100000
ONECUT1	ENSG10112545867	liver_fat_fraction	rs72221199	1.00e-29	0.139	500000
PARP1	ENSG74995562812	triglycerides	rs26336878	1.00e-23	0.267	200000
PDK1	ENSG68735062509	liver_fat_fraction	rs34982211	1.00e-09	-0.125	100000
PDK2	ENSG10893117724	liver_fat_fraction	rs95241115	1.00e-14	0.106	100000
PEX12	ENSG56666247298	alt_levels	rs59501566	1.00e-19	0.152	200000
PEX5	ENSG85589406188	bmi	rs99269408	1.00e-19	0.051	200000
PFKL	ENSG00758767418	fasting_glucose	rs90728530	1.00e-25	0.078	500000
PFKP	ENSG02242133625	liver_fat_fraction	rs69869460	1.00e-31	-0.154	100000
PGD	ENSG13185541886	ldl_cholesterol	rs46496952	1.00e-30	0.183	300000
PIK3CB	ENSG60392026244	alt_levels	rs96391861	1.00e-22	0.018	200000
PIK3CD	ENSG83051216316	fasting_glucose	rs22279515	1.00e-16	0.192	100000
PLIN1	ENSG54771707938	hba1c	rs41747519	1.00e-32	0.207	681275
PLIN3	ENSG63328269203	alt_levels	rs11665768	1.00e-09	-0.049	100000
PLIN4	ENSG27850086901	ldl_cholesterol	rs32845179	1.00e-21	-0.01	100000
PMVK	ENSG14416170793	triglycerides	rs99556290	1.00e-15	0.116	100000
PNPLA1	ENSG44616850122	ldl_cholesterol	rs68684783	1.00e-20	-0.117	200000
PNPLA2	ENSG25516960970	liver_fat_fraction	rs2572359	1.00e-11	-0.061	500000
POLG	ENSG70211280018	triglycerides	rs7148301	1.00e-31	0.023	200000
POLRMT	ENSG07506959852	bmi	rs86951251	1.00e-18	0.202	681275
PPP1R15A	ENSG48871141315	fasting_glucose	rs10236751	1.00e-30	-0.113	200000
PYGB	ENSG66262317706	alt_levels	rs69389204	1.00e-11	0.217	200000
PYGL	ENSG87121717341	liver_fat_fraction	rs9547517	1.00e-19	-0.182	500000
PYGM	ENSG37634282192	ldl_cholesterol	rs84828424	1.00e-26	0.136	300000
RAGE	ENSG12729508082	hba1c	rs64145667	1.00e-19	-0.166	100000
RPIA	ENSG26501966788	ldl_cholesterol	rs49474674	1.00e-11	-0.182	681275
RXRG	ENSG17404622439	fasting_glucose	rs37135453	1.00e-18	0.002	681275
SAA4	ENSG58692166438	triglycerides	rs68758837	1.00e-15	0.136	300000
SCN5A	ENSG05314453984	triglycerides	rs1978667	1.00e-26	-0.085	300000
SDHA	ENSG92288862818	fasting_glucose	rs37016223	1.00e-11	-0.13	681275
SDHC	ENSG97431130309	bmi	rs92967717	1.00e-30	0.051	200000
SDHD	ENSG23368284273	triglycerides	rs29523504	1.00e-13	-0.177	681275
SERPINA1	ENSG91738726946	triglycerides	rs91266879	1.00e-26	0.296	681275
SHBG	ENSG11793061570	ldl_cholesterol	rs64556821	1.00e-23	0.219	200000
SHP	ENSG70646266454	alt_levels	rs90878678	1.00e-25	0.181	500000
SIRT2	ENSG91708598738	triglycerides	rs98980081	1.00e-30	-0.164	200000
SIRT6	ENSG05325742076	alt_levels	rs87744759	1.00e-18	0.15	500000
SLC10A2	ENSG09958668730	fasting_glucose	rs82363307	1.00e-22	0.184	200000
SLC25A1	ENSG81071126719	liver_fat_fraction	rs58627064	1.00e-27	0.083	681275
SLC25A11	ENSG78865190250	fasting_glucose	rs65498286	1.00e-20	0.182	100000
SLC25A5	ENSG18763232026	alt_levels	rs11551731	1.00e-18	-0.083	300000
SLC25A6	ENSG69357258418	alt_levels	rs28575845	1.00e-10	0.006	300000
SLC27A5	ENSG69796172774	fasting_glucose	rs82844049	1.00e-18	0.145	200000
SLC2A1	ENSG98928184824	triglycerides	rs59795914	1.00e-24	0.236	500000
SLC2A10	ENSG32316384429	bmi	rs1356298	1.00e-16	-0.17	500000
SLC2A12	ENSG37216064142	liver_fat_fraction	rs79066073	1.00e-16	-0.037	300000
SLC2A13	ENSG50060842288	liver_fat_fraction	rs49492889	1.00e-09	0.227	681275
SLC2A3	ENSG82432486670	triglycerides	rs94537825	1.00e-24	0.154	300000
SLC2A5	ENSG98878111028	bmi	rs78249239	1.00e-21	0.042	100000
SLC2A9	ENSG32166286865	hba1c	rs42143299	1.00e-17	-0.086	200000
SOCS3	ENSG89797896936	bmi	rs19283302	1.00e-19	0.195	300000
SOD3	ENSG49764645356	ldl_cholesterol	rs83090151	1.00e-32	0.255	200000
SREBF1	ENSG45761987310	bmi	rs61484618	1.00e-25	-0.104	500000
STAT3	ENSG79088940055	hba1c	rs38586536	1.00e-09	-0.057	300000
STAT5A	ENSG02773868603	fasting_glucose	rs80798631	1.00e-14	-0.137	300000
STAT5B	ENSG93954847208	fasting_glucose	rs24314387	1.00e-21	-0.016	681275
TBG	ENSG98474781314	triglycerides	rs86057684	1.00e-20	-0.001	200000
TLR10	ENSG67725333353	triglycerides	rs91908057	1.00e-10	-0.083	100000
TLR2	ENSG70116726459	triglycerides	rs95808471	1.00e-20	0.069	100000
TLR3	ENSG13534326348	liver_fat_fraction	rs54507273	1.00e-29	-0.079	681275
TLR4	ENSG97379913693	triglycerides	rs56362317	1.00e-21	0.249	681275
TLR6	ENSG89091780525	ldl_cholesterol	rs76438529	1.00e-19	0.195	681275
TLR8	ENSG07588381503	ldl_cholesterol	rs47303787	1.00e-20	0.038	300000
TLR9	ENSG32966180310	hba1c	rs23521093	1.00e-26	-0.13	200000
TPI1	ENSG72954054842	hba1c	rs74817709	1.00e-31	-0.023	681275
TYK2	ENSG40076802480	alt_levels	rs32332509	1.00e-28	-0.145	200000
XDH	ENSG93052578742	fasting_glucose	rs87974531	1.00e-22	0.059	100000
